tree
version=v4
num_class=1
num_tree_per_iteration=1
label_index=0
max_feature_idx=10
objective=binary sigmoid:1
feature_names=name_ratio name_partial_ratio name_token_ratio name_length_diff address_ratio address_partial_ratio address_token_ratio address_length_diff country_match name_exact address_exact
feature_infos=[22.72727272727273:100] [34.482758620689658:100] [24.561403508771932:100] [0:60] [0:100] [0:100] [0:100] [0:172] [1:1] [0:1] [0:1]
tree_sizes=3493 3523 3528 3529 3570 3536 3551 3557 3550 3565 3557 3576 3566 3580 3597 3580 3547 3588 3582 3587 3576 3577 3568 3579 3577 3586 3577 3587 3583 3582 3567 3564 3570 3580 3577 3581 3570 3591 3573 3567 3579 3577 3578 3569 3578 3559 3567 3584 3575 3570 3576 3586 3568 3576 3574 3588 3594

Tree=0
num_leaves=31
num_cat=0
split_feature=6 4 1 5 6 3 0 1 0 6 0 6 1 3 3 1 1 0 6 0 1 7 0 3 1 6 3 0 3 1
split_gain=6.19177e+08 3.89143e+07 7.43171e+06 3.19932e+06 1.63392e+06 1.38949e+06 972042 899894 810556 353069 311858 295673 456351 437105 291372 273688 220340 208851 180709 168475 148727 140777 136312 134583 353182 189005 121885 118921 139970 111200
threshold=59.026269010468106 1.0000000180025095e-35 91.922957440198829 59.588558545864451 64.310689310689312 1.5000000000000002 84.475743348982789 87.428160919540247 87.29833546734956 52.784827975183312 87.138130686517798 73.746867167919817 85.540069686411172 4.5000000000000009 1.5000000000000002 72.834224598930504 97.467948717948744 88.203668564199887 51.634266182439653 85.313725490196092 85.540069686411172 48.500000000000007 68.042553191489375 4.5000000000000009 96.05194805194806 94.008547008547026 3.5000000000000004 88.774341351660951 1.0000000180025095e-35 84.680573663624514
decision_type=2 2 2 2 2 2 2 2 2 2 2 2 2 2 2 2 2 2 2 2 2 2 2 2 2 2 2 2 2 2
left_child=1 2 5 9 7 15 16 14 20 -3 29 12 13 -6 -2 -1 -4 -11 -10 -9 -5 -8 -18 -13 25 -25 -12 28 -17 -7
right_child=4 3 6 8 11 10 21 19 18 17 26 23 -14 -15 -16 27 22 -19 -20 -21 -22 -23 -24 24 -26 -27 -28 -29 -30 -31
leaf_value=-3.1100746075573813 -2.7352009599313667 -3.2752739430431683 -3.038208328503488 -3.1723629937232674 -2.595015949649397 -3.2291217726874586 -2.5694838836621039 -2.7554090082826255 -2.9292036785950124 -3.2154864818427127 -2.6910454822608956 -2.4504373690095917 -2.4874779202363482 -3.0721419961482117 -3.1480088132793473 -2.7556953405931064 -2.948010192438733 -3.0141801451926979 -2.6491532255957955 -2.5462301922800736 -2.9711918416927761 -2.6505558766192197 -2.7355324353188193 -2.5968460988896451 -2.4575110963103386 -2.4883239932797738 -3.0746696081576772 -2.5681681649311532 -2.9718162742184724 -3.098660564644014
leaf_weight=2945.833299100399 2424.7479422651231 1762654.832624428 3678.4569384232163 7108.2534394003451 7146.5206895135343 26325.65911854431 58873.979465369135 4490.4136955291033 2858.0661380365491 15174.511685706675 1512.3179020173848 1373487.4041117132 67725.82076953724 2280.4118738919497 4210.8937355093658 8295.1398385539651 3461.5370150841773 6679.6856960579753 7596.9921752102673 15364.160949379206 6186.9046483486891 28808.517763182521 12736.863753084093 27161.666986908764 274310.16352113336 31047.672031279653 1471.7240058816969 1855.4568709842861 4004.0188926905394 7570.4905768074095
leaf_count=65903 25113 48764758 73823 173216 41950 689389 297588 49429 47373 390745 13516 1704882 164408 48243 99325 91400 59464 128918 57773 66198 110885 220430 132122 161091 402637 76198 31252 9279 71839 166603
internal_value=-2.86129 -3.22933 -2.78321 -3.26918 -2.46067 -3.07044 -2.63906 -2.6946 -2.9233 -3.27379 -3.17409 -2.45719 -2.51471 -2.7104 -2.99711 -2.84693 -2.82852 -3.15395 -2.72567 -2.59351 -3.07873 -2.59611 -2.78092 -2.45459 -2.47177 -2.53895 -2.88012 -2.79218 -2.82602 -3.19998
internal_weight=3.77945e+06 1.9698e+06 161540 1.80826e+06 1.80965e+06 53980.6 107559 26490.2 23750.2 1.78451e+06 36880.2 1.78316e+06 77152.8 9426.93 6635.64 17100.4 19876.9 21854.2 10455.1 19854.6 13295.2 87682.5 16198.4 1.70601e+06 332520 58209.3 2984.04 14154.6 12299.2 33896.1
internal_count=54435750 51596276 1922608 49673668 2839474 1139181 783427 240065 389247 49284421 900760 2599409 254601 90193 124438 238421 265409 519663 105146 115627 284101 518018 191586 2344808 639926 237289 44768 172518 163239 855992
is_linear=0
shrinkage=1


Tree=1
num_leaves=31
num_cat=0
split_feature=6 4 0 5 6 0 0 0 3 0 5 5 3 0 3 6 0 4 3 5 3 0 3 0 5 3 0 5 6 4
split_gain=1.86087e+08 2.37526e+07 1.85221e+06 1.06878e+06 496795 424956 290596 255055 208400 176100 145420 101001 90413.4 70268 63841.7 63743.1 130392 65114.1 59711 59312.5 57813.3 54818.4 54459.3 54004.3 49467.2 40936 35465.1 34202.1 32405.4 50182.5
threshold=56.152367219418416 1.0000000180025095e-35 81.530214424951296 57.821912650602414 61.320007916089459 61.880216003927352 86.616915422885583 88.203668564199887 1.0000000180025095e-35 89.323708206686945 64.480286738351268 52.479508196721319 7.5000000000000009 90.366769774635458 1.0000000180025095e-35 69.006568144499184 65.771449170872401 59.663271080928133 1.0000000180025095e-35 61.791443850267385 1.0000000180025095e-35 72.377109317681587 3.5000000000000004 88.203668564199887 63.47680097680098 1.0000000180025095e-35 59.896907216494853 63.47680097680098 49.878048780487809 41.943351691581434
decision_type=2 2 2 2 2 2 2 2 2 2 2 2 2 2 2 2 2 2 2 2 2 2 2 2 2 2 2 2 2 2
left_child=1 2 5 11 6 25 10 14 -7 22 18 -3 -10 -13 -5 16 20 23 -2 -8 -6 -14 -4 -18 -9 -1 -12 -16 -15 -30
right_child=4 3 9 7 15 8 19 24 12 -11 26 13 21 28 27 -17 17 -19 -20 -21 -22 -23 -24 -25 -26 -27 -28 -29 29 -31
leaf_value=0.19071558068613065 0.27319639575152393 -0.030023416322714158 0.22152045435150169 0.23881314953900909 0.3837592472776501 0.31769679837758596 0.26776368694591174 0.21436812228676866 0.12211944784024867 0.35324549668566119 0.07456016755531697 -0.0054590667493030617 0.15797050458281811 0.042045852875604549 0.030297270482227707 0.37458949748217807 0.27766849868719018 0.38099569285902302 0.07190271546941028 0.37297829659315146 0.14327758028309154 0.25067190017200103 0.30216680876223961 0.3555405700110647 0.34044259727361331 0.0087013497707669994 0.32869562814660991 0.13420686873113613 0.41371530133653189 0.10778215558933951
leaf_weight=1199.0280832126737 1554.0010503567755 1682082.4982865676 10055.530133601278 2033.0272793732584 1175.6360968053341 10324.851149864495 7530.6748543381691 6908.3255069516599 20605.843955799937 139865.93267670274 559.11518321186304 32400.390527307987 10542.53186218068 6559.8404947221279 10282.510079219937 3536086.2106141597 12886.968045257032 45767.00171417743 9031.3433449529111 13488.6142549254 3836.3102031946182 12631.347160566598 30284.327525496483 21332.025446310639 4723.5347878485918 15179.828864239156 4312.3551679328084 3944.3673448860645 558.3478372246027 3528.8453990370035
leaf_count=18613 18691 47836979 103997 33095 3249 71361 66685 89945 404871 446180 11462 887505 168297 171498 241330 2469583 82204 64315 186563 35313 53268 131155 199337 43235 27348 378797 39212 70837 6030 74795
internal_value=0.245557 0.0131765 0.286316 -0.0258836 0.372862 0.155923 0.262683 0.158336 0.196452 0.337314 0.163921 -0.0288622 0.167852 0.0165129 0.0815969 0.373972 0.348265 0.357568 0.101478 0.335298 0.199755 0.208508 0.28207 0.326223 0.265591 0.0220376 0.299552 0.0591144 0.0833723 0.14967
internal_weight=5.66127e+06 2.00371e+06 250689 1.75302e+06 3.65756e+06 70483.4 36476.1 27891.8 54104.6 180206 15456.8 1.72513e+06 43779.7 43047.4 16259.9 3.62108e+06 84997.9 79986 10585.3 21019.3 5011.95 23173.9 40339.9 34219 11631.9 16378.9 4871.47 14226.9 10647 4087.19
internal_count=54435750 51361970 1922608 49439362 3073780 1173094 357926 462555 775684 749514 255928 48976807 704323 1139828 345262 2715854 246271 189754 205254 101998 56517 299452 303334 125439 117293 397410 50674 312167 252323 80825
is_linear=0
shrinkage=0.03


Tree=2
num_leaves=31
num_cat=0
split_feature=5 4 1 5 5 3 1 0 3 1 3 4 0 5 1 5 1 3 0 3 1 0 0 7 3 7 1 3 4 0
split_gain=1.00341e+08 1.73579e+07 1.24329e+06 795760 539634 391563 375607 246667 181732 100390 102306 61716.8 60984.6 60259.6 57707.5 53061.2 77389.3 103704 51251.7 46628.6 56515.8 37403.1 34982.5 34049 32892.5 30767.9 40605.2 101035 27722.4 26592.7
threshold=55.338145896656549 1.0000000180025095e-35 87.007672634271117 51.176633444075314 61.00492847698041 1.5000000000000002 87.007672634271117 86.616915422885583 1.5000000000000002 94.957627118644083 2.5000000000000004 42.441171491450824 77.003205128205153 49.886877828054303 67.068273092369495 64.480286738351268 86.391694725028074 4.5000000000000009 86.240703177822866 1.0000000180025095e-35 97.979591836734713 92.221261884183249 87.827672669250077 45.500000000000007 4.5000000000000009 24.500000000000004 86.526825332795497 4.5000000000000009 47.469820753566644 76.833631484794282
decision_type=2 2 2 2 2 2 2 2 2 2 2 2 2 2 2 2 2 2 2 2 2 2 2 2 2 2 2 2 2 2
left_child=1 2 5 13 6 14 8 19 -2 10 21 -9 -8 -3 -1 16 17 -6 -7 -5 -21 -4 -15 -20 -10 -17 27 -27 -14 -11
right_child=4 3 9 7 15 18 12 11 24 29 -12 -13 28 22 -16 25 -18 -19 23 20 -22 -23 -24 -25 -26 26 -28 -29 -30 -31
leaf_value=0.037477692768591177 0.19710073765389735 -0.029664046298057627 0.20213416914582072 0.11150047954934443 0.22658960469470413 0.016025674306481236 0.15021954427532871 0.19331995156254209 0.087344249575330934 0.21185303025001292 0.13531455315836169 0.1047310722810377 0.25220477624487403 -0.011265660400635369 0.20742304823457799 0.26715294336557466 0.25631434903712808 0.049180076584474354 0.23971608261542895 -0.0066356767226266765 0.081765344126838335 0.27613519760191696 0.049184868220680453 0.044333308973377276 -0.0012313661329704524 0.24713211170348032 0.26166393748699934 0.10681658620151695 0.21716980608194972 0.25391458969088759
leaf_weight=1988.281892940402 10454.328687366098 1588434.6407529116 13459.2775558047 5110.4820475354791 13780.48473893851 32193.462374001741 7955.4844862818718 11955.687819980085 6429.3150514923036 14501.420289922506 14336.019218552858 17361.96509296447 47578.688119817525 27732.107749003917 18887.662860423326 4483572.8217649087 108792.42336027697 3779.5421933084726 1599.4673377238214 27080.394868079573 8566.9424799904227 11352.177690528333 12497.569299053401 1612.0831240974367 9130.4813469611108 34922.832910642028 197470.86207332835 5325.3932681456208 35644.511087670922 210565.02470299974
leaf_count=40177 81382 46348283 89765 87232 57250 742464 91082 117589 105606 123421 176762 283848 135562 765010 149466 2354721 163572 65135 10756 712777 167929 18423 284146 23011 217912 55681 168537 51065 198823 548363
internal_value=0.192025 0.0137187 0.21622 -0.0244866 0.264543 0.0881929 0.200927 0.0745004 0.100371 0.243491 0.199135 0.140863 0.229615 -0.0287457 0.19124 0.266081 0.246879 0.188411 0.0274286 0.0267621 0.0146106 0.236003 0.00751401 0.14169 0.0353704 0.266595 0.256062 0.22857 0.237202 0.251206
internal_weight=6.98407e+06 2.01923e+06 320495 1.69874e+06 4.96484e+06 56281 117193 70075.5 26014.1 264214 39147.5 29317.7 91178.7 1.62866e+06 20875.9 4.84764e+06 126352 17560 35405 40757.8 35647.3 24811.5 40229.7 3211.55 15559.8 4.72129e+06 237719 40248.2 83223.2 225066
internal_count=54435750 50689422 1922608 48766814 3746328 965874 830367 1369375 404900 956734 284950 401437 425467 47397439 189643 2915961 285957 122385 776231 967938 880706 108188 1049156 33767 323518 2630004 275283 106746 334385 671784
is_linear=0
shrinkage=0.03


Tree=3
num_leaves=31
num_cat=0
split_feature=6 4 2 5 6 2 0 2 2 5 3 1 2 1 1 2 6 1 3 0 0 3 1 6 6 3 1 5 0 3
split_gain=6.77591e+07 1.40927e+07 1.08175e+06 542503 191945 287235 153134 134149 121229 73933.5 67829.7 115469 58198.2 57894.2 57410 46138.3 107025 56243.2 44246.5 41014.1 40403.7 37752.7 33101.8 31626.6 22555.4 22544.6 21760.2 20380.9 19856.8 18904.5
threshold=55.013227513227527 1.0000000180025095e-35 87.007672634271117 57.821912650602414 61.320007916089459 94.360822556709792 85.313725490196092 94.360822556709792 94.360822556709792 52.062900218853862 5.5000000000000009 85.867895545314909 80.810147299509012 79.337712096332794 84.273937856689926 94.360822556709792 69.006568144499184 80.810147299509012 5.5000000000000009 88.203668564199887 84.475743348982789 5.5000000000000009 93.643953676272574 90.219990435198483 49.878048780487809 9.5000000000000018 91.922957440198829 63.47680097680098 86.180371352785158 4.5000000000000009
decision_type=2 2 2 2 2 2 2 2 2 2 2 2 2 2 2 2 2 2 2 2 2 2 2 2 2 2 2 2 2 2
left_child=1 2 6 9 5 14 12 28 13 -3 20 -12 26 -4 -2 16 17 29 -7 -11 -10 24 -20 -18 -9 -15 -1 -16 -5 -6
right_child=4 3 8 7 15 18 -8 21 10 19 11 -13 -14 25 27 -17 23 -19 22 -21 -22 -23 -24 -25 -26 -27 -28 -29 -30 -31
leaf_value=-0.0086291995863550172 0.0076463006652967985 -0.030040580370487124 0.021602065572570973 -0.0020234829527086876 0.10672232478298656 0.21544321791349128 0.1900488172910702 0.11869155553110386 0.2516448963153245 -0.011636815987890731 0.02796221878567311 0.18532520668370045 0.069837034743823218 0.1631995654577908 0.074532572084504894 0.21231871443334605 0.1986357096058893 0.16974724491579019 0.018500775285162949 0.046243947773792489 0.20560536745929067 0.076058212585030135 0.16872597805843503 0.21051558843555998 0.19723561319403585 0.052087814250801508 0.10507804192633563 0.15847534237973127 0.082913013294553403 -0.0025560926353498641
leaf_weight=25535.505490750074 9007.3897566013038 1586718.4915270247 2954.0192178934813 9704.4475392773747 3863.6045367158949 36127.439848084003 5726.8452103994787 5131.7721946164966 18675.633247938007 34820.165456209332 4596.8177828639746 48279.672655742615 16293.828328188509 41956.417030841112 6067.2559763789177 5006809.7886231691 291535.23817066476 21112.276374131441 1667.1029638499022 16117.155090637505 214243.84229197726 5401.6215206608176 6350.2979474402964 658051.47938036919 9209.5071973577142 1712.1132209785283 1609.2115406356752 4564.5185884982347 3325.1403077915311 2256.2415182441473
leaf_count=554002 179702 47646258 59931 196089 29058 114204 22767 54339 71388 924361 92788 235338 246569 211348 80651 1982822 293773 66249 31487 324657 385194 82171 56825 305549 50170 25075 18208 21680 34694 38403
internal_value=0.160057 0.011096 0.175589 -0.0264799 0.210603 0.158829 0.0442458 0.0943733 0.195014 -0.0288985 0.202332 0.171646 0.0250192 0.15015 0.063376 0.211154 0.205187 0.146534 0.201291 0.00667758 0.209298 0.14368 0.137497 0.206869 0.169141 0.158845 -0.00188415 0.110584 0.0196558 0.0664377
internal_weight=8.09942e+06 2.05201e+06 381584 1.67043e+06 6.04741e+06 63784 49165.4 32772.5 332419 1.63766e+06 285796 52876.5 43438.5 46622.5 19639.2 5.98363e+06 976819 27232.1 44144.8 50937.3 232919 19742.9 8017.4 949587 14341.3 43668.5 27144.7 10631.8 13029.6 6119.85
internal_count=54435750 51235347 1922608 49312739 3200403 484549 841546 417463 1081062 48895276 784708 328126 818779 296354 282033 2715854 733032 133710 202516 1249018 456582 186680 88312 599322 104509 236423 572210 102331 230783 67461
is_linear=0
shrinkage=0.03


Tree=4
num_leaves=31
num_cat=0
split_feature=4 4 7 4 2 4 2 4 2 0 3 2 0 1 4 0 2 2 3 7 3 1 0 4 2 1 4 7 1 3
split_gain=3.81795e+07 8.18028e+06 2.22897e+06 1.13847e+06 742577 525139 501295 457968 418818 261486 144722 137319 130137 120472 111958 102916 100623 89038 77279.2 74757.6 73563.5 82355.4 56624.9 51286.5 123829 57021.8 48732.1 48041.3 45105.6 44540.2
threshold=45.179515217787504 1.0000000180025095e-35 38.500000000000007 41.277122469783031 85.880398671096358 51.477868375072809 89.699381078691445 36.913919413919423 92.031746031746039 88.203668564199887 4.5000000000000009 91.922957440198829 83.654916512059387 92.031746031746039 38.98838076964077 87.29833546734956 90.366769774635472 94.360822556709792 1.0000000180025095e-35 52.500000000000007 5.5000000000000009 87.007672634271117 86.706827309236971 57.5878787878788 87.570224719101134 80.810147299509012 42.770931035736368 56.500000000000007 79.337712096332794 5.5000000000000009
decision_type=2 2 2 2 2 2 2 2 2 2 2 2 2 2 2 2 2 2 2 2 2 2 2 2 2 2 2 2 2 2
left_child=1 4 3 14 13 6 12 9 22 11 26 -4 -2 -1 -3 -16 -9 28 -13 -11 -8 -22 -5 24 25 -7 -10 -20 -6 -19
right_child=5 2 7 8 17 23 20 16 10 19 -12 18 -14 -15 15 -17 -18 29 27 -21 21 -23 -24 -25 -26 -27 -28 -29 -30 -31
leaf_value=0.014948956069857654 0.031405894877619842 -0.025235230239692031 -0.0080461848708938185 -0.013887912196378367 0.025464735835799685 0.051086101205028954 0.16059636619385359 0.057738723943130218 0.075951972569009249 0.055603500658914673 0.034581181078778549 0.11202894923783867 0.13587115063671476 0.14540473440131857 -0.015989375666613802 0.033051896578466383 0.14481198862583555 0.17332481632911839 0.014618588324872043 0.11149849574350737 0.016498392072851351 0.13515705959581745 0.074296606813292559 0.17663223644227793 0.17037232397646868 0.13697197946427919 0.12026312166706174 0.063988611453827351 0.13444094473736068 0.14487816690993224
leaf_weight=39432.984086558223 42770.458866160363 1127436.1243757308 58577.049113836139 63444.902561847121 3655.9505421407521 10535.823340177536 265720.02720629051 14112.855172913522 34659.806974183768 33403.976991683245 36631.172457527369 15537.319829043001 14327.469428736717 7597.7246937006712 112376.67551778629 58591.194186735898 77829.084441076964 272120.94400241971 37181.743844151497 60634.865180734545 5921.9042152501643 47443.17642153427 7307.2421250268817 6040833.6045862474 347181.12529283762 20496.116707898676 62881.380498174578 33925.809653803706 52777.110628724098 60622.595557492226
leaf_count=759501 851012 34062042 1565991 1781340 71633 148716 729665 227448 543137 631287 779882 176591 82134 39901 3237593 1279500 410434 456582 916874 626097 129953 277949 111595 2283093 410630 91996 571228 586955 266865 328126
internal_value=0.138353 0.0318538 0.0040883 -0.0114331 0.148625 0.173942 0.139491 0.0745398 0.0542814 0.0526711 0.0854253 0.0274331 0.0576213 0.0360268 -0.0218048 0.000817221 0.131447 0.162232 0.0514192 0.0916447 0.15414 0.12199 -0.00477913 0.175961 0.16524 0.107815 0.104519 0.0381741 0.127382 0.168143
internal_weight=9.06597e+06 2.27074e+06 1.83453e+06 1.50333e+06 436207 6.79523e+06 376183 331203 204925 239261 134172 145222 57097.9 47030.7 1.2984e+06 170968 91941.9 389177 86644.9 94038.8 319085 53365.1 70752.1 6.41905e+06 378213 31031.9 97541.2 71107.6 56433.1 332744
internal_count=54435750 49430602 47507994 42366317 1922608 5005148 2070713 5141677 3787182 4503795 1894247 3246411 933146 799402 38579135 4517093 637882 1123206 1680420 1257384 1137567 407902 1892935 2934435 651342 240712 1114365 1503829 338498 784708
is_linear=0
shrinkage=0.03


Tree=5
num_leaves=31
num_cat=0
split_feature=6 4 2 5 2 6 2 1 2 6 2 5 3 1 4 1 1 1 4 3 1 4 3 7 2 6 1 6 1 3
split_gain=3.79905e+07 1.00618e+07 544638 448519 108859 104060 165980 97079.3 63245.4 44293.3 35729.4 33412.6 32934.8 73677.6 32054.9 31861.7 30912.5 24869 30046.1 22182.6 22985 19729.1 17989.9 17318.6 16919.6 45867.1 29035.1 16832.2 16584.2 41881.8
threshold=55.013227513227527 1.0000000180025095e-35 85.880398671096358 56.030303030303038 92.612085769980524 61.320007916089459 92.031746031746039 92.031746031746039 93.643953676272574 49.878048780487809 78.611556982343515 61.791443850267385 5.5000000000000009 85.867895545314909 45.179515217787504 84.273937856689926 79.337712096332794 94.360822556709778 34.217562623135386 5.5000000000000009 93.643953676272574 41.138804457953405 5.5000000000000009 38.500000000000007 94.957627118644083 69.006568144499184 78.319623971797895 44.076909057772923 98.484500574052831 5.5000000000000009
decision_type=2 2 2 2 2 2 2 2 2 2 2 2 2 2 2 2 2 2 2 2 2 2 2 2 2 2 2 2 2 2
left_child=1 2 7 9 -5 6 15 10 16 -3 -1 21 -10 -14 23 -2 -4 -11 -19 -8 -21 27 -12 -7 25 26 -16 -6 29 -18
right_child=5 3 8 4 11 14 19 -9 12 17 22 -13 13 -15 24 -17 28 18 -20 20 -22 -23 -24 -25 -26 -27 -28 -29 -30 -31
leaf_value=-0.010875211125340099 -0.00051173857458090431 -0.029922684995501957 0.024456729750323078 0.00076975225304717432 0.065027285726441925 0.17122209635312233 0.15053757878131291 0.12601111058932007 0.14835359050422861 -0.017628550663189385 0.063802821737397694 0.1281044858457063 0.019586905928102319 0.13453321934469556 0.042832868886177419 0.078633720146578268 0.12153194642889907 0.19263257912873349 0.022395362797312336 0.012486925194438132 0.12458177050009994 0.051650683463344005 -0.0061426653365026836 0.15655196000380783 0.15353434295526155 0.15057632092453255 0.12526204317375725 0.18868816137660374 0.1817765646071603 0.03461151780750639
leaf_weight=22348.298132743686 9042.8094149231911 1539829.1133612394 3568.0517388843 17439.823070332408 1984.097532402724 129105.97876656801 51207.340672519058 8488.9481361508369 313430.74100466073 19578.57546704635 13194.55266116932 14220.001466289163 5454.742207840085 62873.513967286795 4620.8218396753073 9269.5257687978446 42743.086964569986 1000.1099164821208 13747.794134642929 2053.0460927262902 8320.4226760864258 15078.133668344468 4416.5498014949262 165723.63965946436 6170206.5326976739 1238406.0590188801 22991.559491463006 1981.6872870028019 3215.1012524887919 5650.0786119997501
leaf_count=488153 170695 47795597 68361 332430 29761 82133 138236 39901 475949 544454 181912 74850 94314 237682 44077 82737 177035 19172 303872 34784 58097 195419 89436 127725 1835747 570692 55480 17184 3844 66021
internal_value=0.122405 0.00946112 0.129316 -0.0263425 0.0614795 0.152918 0.118851 0.0338815 0.139898 -0.0291713 0.0143065 0.0933074 0.144238 0.125358 0.15327 0.0395522 0.10987 0.0045327 0.0339531 0.142431 0.102402 0.0673184 0.0462615 0.162977 0.152886 0.149724 0.11147 0.126856 0.115774 0.111385
internal_weight=9.92119e+06 2.11024e+06 485384 1.62486e+06 50703.7 7.81095e+06 79893.1 48448.3 436935 1.57416e+06 39959.4 33263.9 381759 68328.3 7.73105e+06 18312.3 55176.3 34326.5 14747.9 61580.8 10373.5 19043.9 17611.1 294830 7.43622e+06 1.26602e+06 27612.4 3965.78 51608.3 48393.2
internal_count=54435750 51235347 1922608 49312739 649644 3200403 484549 799402 1123206 48663095 759501 317214 807945 331996 2715854 253432 315261 867498 323044 231117 92881 242364 271348 209858 2505996 670249 99557 46945 246900 243056
is_linear=0
shrinkage=0.03


Tree=6
num_leaves=31
num_cat=0
split_feature=6 4 5 2 2 6 2 0 2 6 0 0 2 6 0 5 4 4 4 0 4 0 1 0 5 5 1 2 6 1
split_gain=3.00027e+07 8.76614e+06 420778 418643 90728.3 85139.3 126291 83954.3 58267.5 43848.3 30073.9 29466.1 27519.5 26531.8 26516.7 21374.6 38688 21026.6 19123.9 18456.6 17449 16198.7 24070 15990.8 14567.1 14489 13428.2 13059.2 35406.7 22865.4
threshold=55.013227513227527 1.0000000180025095e-35 56.030303030303038 84.660633484162915 94.360822556709792 61.320007916089459 92.031746031746039 85.02873563218391 93.908472479901064 49.878048780487809 69.282051282051299 84.028985507246389 77.849927849927852 49.878048780487809 89.022757697456498 62.668584786908845 41.277122469783031 38.814749780509224 31.175813433877952 55.351882160392812 45.179515217787504 87.570224719101148 98.275349390425234 86.240703177822866 51.736194839643119 55.725995316159263 94.046775336640692 94.957627118644083 69.006568144499184 78.319623971797895
decision_type=2 2 2 2 2 2 2 2 2 2 2 2 2 2 2 2 2 2 2 2 2 2 2 2 2 2 2 2 2 2
left_child=1 3 9 7 23 6 11 12 10 24 -5 -2 -1 17 -11 16 -8 -6 -16 -10 -7 22 26 -4 -3 -18 -12 28 29 -22
right_child=5 2 4 8 13 20 15 -9 19 14 21 -13 -14 -15 18 -17 25 -19 -20 -21 27 -23 -24 -25 -26 -27 -28 -29 -30 -31
leaf_value=-0.0093636545518745243 0.012420362504510478 -0.030314237569847999 -0.0094118246748168197 0.017169952819782772 0.11376980987964941 0.14240346823615493 0.16815644988353773 0.15097648542685216 0.033170173915394841 -0.013221182261444531 0.084346053889242614 0.093911565487623194 0.040757784249489094 0.1093668297511874 0.24832722037013483 0.13911433517359015 0.046718031606078438 0.031501016878681093 0.035818493651827009 0.12743936565356409 0.040148365197977369 0.11428301760385499 0.16752412736135788 0.052580625304322934 -0.010560552071371715 0.10100783899421061 0.025045577809294041 0.13587256070614606 0.13338178647000931 0.11179062109183668
leaf_weight=22261.203614193946 13164.956124383956 1462990.9751652274 14971.485373836011 3990.5855710357428 3911.1078685037792 326754.22812833264 6691.2455369606614 4393.9379064105451 1878.9047555960715 23838.884415321052 18475.055348291993 5731.7833800986409 17694.595068842173 19600.182862918824 394.92046639695764 39491.304415427148 6164.7548648454249 9808.1100293472409 10247.729030743241 415389.79357365519 4779.4360944889486 38709.717309754342 2735.0460280328989 4992.8283332251012 34392.081846602261 15705.958806816489 4224.2982557713985 6753217.0100994334 1354152.5795444101 24956.561070460826
leaf_count=478652 217287 46927359 309723 71118 37139 209858 34186 5784 26282 660957 172600 36145 257838 128421 4233 57739 63205 124067 202308 772346 44077 103344 2421 50294 868238 75987 32223 1835747 570692 55480
internal_value=0.110274 0.00910113 -0.0262076 0.114753 0.056667 0.135298 0.105759 0.0265229 0.122814 -0.0290903 0.0970876 0.0371428 0.0128329 0.0869685 0.00435642 0.124811 0.105029 0.0549621 0.0437281 0.127015 0.135601 0.102059 0.0834503 0.00609283 -0.0298605 0.0857086 0.0733126 0.135328 0.132671 0.100278
internal_weight=1.06657e+07 2.1149e+06 1.58515e+06 529753 53283.7 8.55081e+06 86950 44349.7 485403 1.53186e+06 68134.7 18896.7 39955.8 33319.4 34481.5 68053.3 28562 13719.2 10642.6 417269 8.46386e+06 64144.1 25434.4 19964.3 1.49738e+06 21870.7 22699.4 8.13711e+06 1.38389e+06 29736
internal_count=54435750 51235347 49312739 1922608 649644 3200403 484549 742274 1180334 48663095 381706 253432 736490 289627 867498 231117 173378 161206 206541 798628 2715854 310588 207244 360017 47795597 139192 204823 2505996 670249 99557
is_linear=0
shrinkage=0.03


Tree=7
num_leaves=31
num_cat=0
split_feature=6 4 2 5 6 2 1 2 2 1 6 3 1 3 1 3 1 7 5 2 6 1 5 2 3 5 2 1 3 3
split_gain=2.44286e+07 7.80284e+06 333735 318623 97608.1 121982 71790.6 70770.7 53348.7 33364.1 28864.1 27493.7 52367.6 25132.7 24529.8 20884.4 17866.2 16741.9 15870.3 14859.2 48432.8 33618.5 16357.9 16337.7 14097.4 13751.8 13567.6 11601.2 37163.3 11331.9
threshold=54.18010752688172 1.0000000180025095e-35 83.424908424908438 55.338145896656549 61.320007916089459 94.360822556709792 90.595518867924554 92.031746031746039 93.643953676272574 84.273937856689926 49.878048780487809 5.5000000000000009 84.680573663624514 5.5000000000000009 77.459677419354861 5.5000000000000009 91.010101010101025 34.500000000000007 61.791443850267385 92.612085769980524 73.746867167919817 79.337712096332794 55.338145896656549 75.58265582655828 5.5000000000000009 63.47680097680098 75.58265582655828 98.275349390425234 5.5000000000000009 9.5000000000000018
decision_type=2 2 2 2 2 2 2 2 2 2 2 2 2 2 2 2 2 2 2 2 2 2 2 2 2 2 2 2 2 2
left_child=1 2 6 10 5 9 26 -5 14 -2 -3 -10 -13 18 -4 -7 -17 -12 -9 20 21 23 -21 -6 -25 -11 -1 28 -16 -23
right_child=4 3 8 7 19 15 -8 13 11 25 17 12 -14 -15 27 16 -18 -19 -20 22 -22 29 -24 24 -26 -27 -28 -29 -30 -31
leaf_value=-0.017619687672342906 0.00079565222425698548 -0.02988065491247327 0.020322805570751803 -0.0055434151699423834 0.0011120399509631802 0.1199675433941238 0.10147360361631981 0.063770205827316087 0.11696006756283037 0.043393234259951743 -0.0056301069003377117 0.0095740631981369589 0.10428520796986543 0.0271954934642533 0.096011811974154149 0.0019402312805879066 0.09429251455465483 0.088572362057685719 0.11042304866512441 0.14289430099564859 0.12035204584284388 0.10779434088055183 0.12243509123444121 0.095877792525696698 -0.0058535038463060178 0.099392099492606745 0.021011423863879386 0.13641759762463881 0.027986177887019407 0.054236057662895083
leaf_weight=17044.187756672502 11782.129768013954 1452519.6947058327 4778.3690705187619 17490.27181692794 4331.5815111659467 61759.297688134015 7937.5061403438449 16348.553931467235 373305.36858807132 9297.8525476828218 27513.073571942747 5643.8607473932207 76202.977777265012 10136.910519972444 56558.207582876086 2273.1544577516615 11059.167042143643 1808.6123341247439 10973.875338491052 35371.987223558128 1064953.5870712698 47056.065443657339 7946259.3258802593 5832.822301287204 1551.6341559775174 6862.6026154458523 15734.868078690022 4645.0569203421474 8288.8225370310247 3850.6776196658611
leaf_count=394044 222791 47714898 87594 357393 40285 142708 38423 176649 475949 102892 722681 88825 243171 145562 233671 37422 72677 36865 40843 26762 436571 72693 2083803 20902 18151 23907 259241 5081 96609 16687
internal_value=0.100665 0.00850931 0.103294 -0.0266553 0.121742 0.0927031 0.020528 0.0442807 0.109659 0.0391897 -0.0292858 0.113507 0.0977547 0.0675442 0.0860806 0.112615 0.0785489 0.000182775 0.0825119 0.12207 0.118844 0.0931991 0.122526 0.0473724 0.0745019 0.067179 0.000923949 0.0906016 0.0873175 0.103745
internal_weight=1.13192e+07 2.10693e+06 570139 1.53679e+06 9.21224e+06 103034 40716.6 54949.6 529423 27942.6 1.48184e+06 455152 81846.8 37459.3 74270.5 75091.6 13332.3 29321.7 27322.4 9.10921e+06 1.12758e+06 62622.8 7.98163e+06 11716 7384.46 16160.5 32779.1 69492.1 64847 50906.7
internal_count=54435750 51117499 1922608 49194891 3318251 602397 691708 720447 1230900 349590 48474444 807945 331996 363054 422955 252807 110099 759546 217492 2715854 605289 168718 2110565 79338 39053 126799 653285 335361 330280 89380
is_linear=0
shrinkage=0.03


Tree=8
num_leaves=31
num_cat=0
split_feature=6 4 5 1 3 6 1 1 3 0 5 0 1 3 6 5 4 4 3 5 6 4 3 1 6 6 1 5 0 6
split_gain=2.03585e+07 6.97789e+06 303892 195872 113385 86156.8 78655.3 65631.1 51025.1 32454.9 27973.5 26616.2 23080.3 24131 22542.5 20948.1 33830.9 18227.3 17352 16854.6 15940.4 14725 12327.1 52619.6 44108 12245.9 14140.6 12152.7 11424.8 11383.2
threshold=54.18010752688172 1.0000000180025095e-35 54.250427013533056 83.6786469344609 3.5000000000000004 61.320007916089459 87.428160919540247 87.841832963784199 2.5000000000000004 87.29833546734956 61.791443850267385 58.204833141542004 97.467948717948744 2.5000000000000004 49.878048780487809 61.791443850267385 42.894540014958871 38.814749780509224 1.0000000180025095e-35 49.886877828054303 44.405320813771525 31.175813433877952 4.5000000000000009 84.475743348982789 77.849927849927852 90.219990435198483 98.147512864494004 61.791443850267385 85.313725490196092 73.746867167919817
decision_type=2 2 2 2 2 2 2 2 2 2 2 2 2 2 2 2 2 2 2 2 2 2 2 2 2 2 2 2 2 2
left_child=1 3 14 4 11 6 8 18 27 12 17 -1 13 -5 -3 16 19 20 -4 -8 -9 -16 -7 24 -24 26 29 -2 -19 -25
right_child=5 2 7 9 -6 22 15 10 -10 -11 -12 -13 -14 -15 21 -17 -18 28 -20 -21 -22 -23 23 25 -26 -27 -28 -29 -30 -31
leaf_value=0.0018447765015195162 0.050581308534821463 -0.029939638541546049 0.052214671715297235 0.092473542954817189 -0.0059743146004962305 0.11188331942598997 0.063910895619257752 0.046739544765351526 -0.0067767969643531475 0.10401751347157956 0.091695134082994095 0.086653276675050947 0.09662482727253538 0.051636517195841385 0.1223666588406714 0.10940336855733765 0.059510646534627579 -0.0005230523247816962 -0.01729479532571709 0.14997029282020236 0.15487041144746153 -0.0059893271895012368 0.031921735886416586 0.072897407540283315 0.094675283683485767 0.11180075252803326 0.10868379472793703 0.11484744800075422 0.044120605166975815 0.10053432804208011
leaf_weight=3729.0916262753308 5226.6162171848118 1406375.8582886402 3914.9352095089853 25309.345942202955 25122.22495913133 7815474.5279739648 2874.6196412667632 2889.9766137972474 12212.048095367849 406001.31204392016 14703.685884144157 31189.603414710611 88448.434356428683 26842.890708968043 829.53069842606783 52960.676161352545 23611.183870099485 7602.5221683606505 18511.104687098414 7148.6444973908365 2133.6944831945002 25551.013714812696 11768.615434676409 16258.262960217893 70362.352109491825 1281216.5233227015 404083.14216095954 5375.4022373817861 16046.265651289374 77138.698951482773
leaf_count=76203 65805 47561183 51688 110487 514803 1913878 31388 44564 225145 495314 66528 230356 235103 260342 15371 74753 159507 142724 423927 22728 15644 681527 85300 38607 79106 341274 175954 23071 191735 81735
internal_value=0.0928542 0.00822185 -0.0265291 0.0940651 0.0426295 0.111061 0.0845859 0.0365096 0.035026 0.0997149 0.0580522 0.077597 0.0872899 0.0714563 -0.0294243 0.0976421 0.0791196 0.0407965 -0.00515801 0.125299 0.0926904 -0.00194815 0.11136 0.109164 0.085684 0.110249 0.106251 0.0831745 0.0297687 0.0957244
internal_weight=1.18909e+07 2.1052e+06 1.49856e+06 606643 60040.9 9.78571e+06 109409 65802.2 22814.1 546602 43376.1 34918.7 140601 52152.2 1.43276e+06 86595.1 33634.4 28672.5 22426 10023.3 5023.67 26380.5 9.6763e+06 1.86083e+06 82131 1.7787e+06 497480 10602 23648.8 93397
internal_count=54435750 51117499 49194891 1922608 821362 3318251 602397 936810 314021 1101246 461195 306559 605932 370829 48258081 288376 213623 394667 475615 54116 60208 696898 2715854 801976 164406 637570 296296 88876 334459 120342
is_linear=0
shrinkage=0.03


Tree=9
num_leaves=31
num_cat=0
split_feature=6 5 5 2 6 2 2 0 2 5 3 1 6 0 0 5 1 7 3 2 3 0 2 6 1 2 7 7 3 0
split_gain=1.72888e+07 6.29353e+06 291459 242867 78286.1 89174.4 63902.9 57277.8 40678.5 22631 22576 34932.4 22479.4 22284.6 21473.6 20427.3 17955.5 17534.9 16801.2 14984.3 14296.6 13409.1 12646.9 37915.3 26196.2 14945.1 11668 10715.4 10307 9620.27
threshold=54.18010752688172 1.0000000180025095e-35 54.250427013533056 83.424908424908438 61.320007916089459 90.521114106019766 91.922957440198829 83.414239482200671 94.360822556709792 61.791443850267385 5.5000000000000009 85.867895545314909 49.878048780487809 87.138130686517798 84.660633484162915 57.821912650602414 98.213716108452971 28.500000000000004 5.5000000000000009 75.58265582655828 4.5000000000000009 87.827672669250077 93.127066603684469 73.746867167919817 80.735492577597867 78.611556982343515 15.500000000000002 26.500000000000004 5.5000000000000009 80.673457838143761
decision_type=2 2 2 2 2 2 2 2 2 2 2 2 2 2 2 2 2 2 2 2 2 2 2 2 2 2 2 2 2 2
left_child=1 3 12 7 5 14 -4 19 13 20 -10 -12 -3 16 -2 17 18 -7 29 -1 -8 -14 23 24 25 -6 -17 -23 -27 -5
right_child=4 2 6 8 22 15 9 -9 10 -11 11 -13 21 -15 -16 26 -18 -19 -20 -21 -22 27 -24 -25 -26 28 -28 -29 -30 -31
leaf_value=-0.01461742792687701 0.0045575592621725485 -0.029883040366616296 -0.0090147730478497886 0.082325338437821791 0.0073931705265461349 0.050247505953911108 0.052861412132697239 0.1119825697914351 0.097709521656932072 0.082689950670554582 0.012238916158768267 0.086218085356929638 -0.016938682034194345 0.085271055230055473 0.076324388453323191 0.10526989850831092 0.12035145187653518 0.11561607152077352 0.016880427047070247 0.023166302922230902 0.0088043532623032876 0.015765998744855392 0.10308572537408553 0.10118509911772122 0.087932986719538087 0.084244566245213107 0.078532074761909501 0.11514822819145656 -0.0036110043839708808 0.044169516664225375
leaf_weight=18440.106340993196 15866.514154534787 1367357.3032556102 21020.696488846093 11508.174067504704 6124.4713184088469 16885.244443546981 20718.334761332721 5083.850643478334 412699.81162006408 16157.301118459553 6158.5477025024593 85616.184313625097 17633.024819621816 54962.108864426613 4913.8617577366531 52434.587803695351 3468.6563452407718 4728.4611087143421 10390.360931951553 19366.178242385387 9749.5253569632769 7582.3327850345522 8787642.3635045178 1310407.9214722961 60217.446308527142 6938.8302765898407 20437.580269694328 1119.9386603161693 1453.0342156551778 12322.120405063033
leaf_count=406513 263571 47561183 461542 108246 49721 145259 231389 6602 456582 70258 92788 235338 514866 120141 28171 78880 2881 23063 133316 278593 173621 165374 2068983 472657 88428 19855 63453 16658 16210 81608
internal_value=0.0863707 0.00795629 -0.0264026 0.0864073 0.102387 0.0777999 0.0344102 0.0174516 0.0913601 0.0539881 0.0947161 0.0812541 -0.0293543 0.0730862 0.0215316 0.0901746 0.0553149 0.0645537 0.048719 0.0047369 0.0387647 -0.00189982 0.102666 0.0999996 0.0792119 0.0430299 0.0977724 0.0285695 0.0690321 0.0625991
internal_weight=1.23894e+07 2.10135e+06 1.46134e+06 640016 1.02881e+07 115266 67645.9 42890.1 597126 46625.2 504475 91774.7 1.39369e+06 92651.4 20780.4 94485.9 37689.3 21613.7 34220.7 37806.3 30467.9 26335.3 1.01728e+07 1.38514e+06 74733.8 14516.3 72872.2 8702.27 8391.86 23830.3
internal_count=54435750 51117499 49194891 1922608 3318251 602397 936810 691708 1230900 475268 784708 328126 48258081 446192 291742 310655 326051 168322 323170 685106 405010 696898 2715854 646871 174214 85786 142333 182032 36065 189854
is_linear=0
shrinkage=0.03


Tree=10
num_leaves=31
num_cat=0
split_feature=6 4 5 2 2 6 2 0 2 6 6 0 0 4 7 7 4 4 2 0 4 4 5 2 6 0 0 4 0 0
split_gain=1.49065e+07 5.66824e+06 345641 206130 66281.7 54239.9 61824 50318.5 35395 27888.7 23589.5 20279.3 18279 18077.6 15294.9 14402.7 14376.8 13329.4 12392 12353.8 11942.8 15241.5 12988 11635 33933.9 22572.2 13654.5 14772.1 10229 9483.41
threshold=55.013227513227527 1.0000000180025095e-35 54.250427013533056 83.424908424908438 91.922957440198829 61.320007916089459 93.908472479901064 82.637681159420296 94.360822556709792 49.878048780487809 49.878048780487809 67.006802721088448 84.028985507246389 38.901458019105085 29.500000000000004 45.500000000000007 43.500788465870691 53.740671641791053 73.942823108993466 89.687399291008717 57.5878787878788 42.894540014958871 58.983582364877343 94.360822556709792 77.849927849927852 58.499061913696067 86.240703177822866 62.258652094717682 86.180371352785158 87.138130686517798
decision_type=2 2 2 2 2 2 2 2 2 2 2 2 2 2 2 2 2 2 2 2 2 2 2 2 2 2 2 2 2 2
left_child=1 3 9 7 28 6 12 18 11 -3 13 -5 -2 -6 29 -10 -12 -18 -1 -13 21 -8 -23 24 25 -7 27 -27 -4 -11
right_child=5 2 4 8 10 23 20 -9 15 14 16 19 -14 -15 -16 -17 17 -19 -20 -21 -22 22 -24 -25 -26 26 -28 -29 -30 -31
leaf_value=-0.016998918273675341 0.012278515111587868 -0.029826497697048551 -0.015625444221282328 0.0044890333471937259 0.072376055447360435 0.023638754462091276 0.10183881215172857 0.092539620659646923 0.091001069352010064 -0.020461958025913062 0.11416421533458272 0.059856473509743359 0.063247745665621996 0.015051138930252096 0.066357294377889939 0.080577081923310714 0.041449649578015918 0.085364181410075568 0.018189701604231025 0.081783022469967839 0.10043374041454992 0.040604733246974958 0.079685288949995881 0.095896983773155559 0.094480456323291648 0.056333228918452785 0.090939347079797825 0.084636720577146746 0.040556375597600614 0.017298419017302856
leaf_weight=15885.490192748606 15006.273309484124 1329423.5145117473 19386.413549862802 4362.1966119818389 6939.9522120654583 6268.636048708111 15607.61828770116 6667.1719764769077 347998.55288844556 17116.83532031998 5680.6706138402224 46865.319112844765 10956.764907836914 17275.704256623983 2810.469610132277 181736.88179346547 13764.704025559127 11358.045231670141 20798.106537774205 45710.707946501672 34180.039419457316 11807.361219339073 21784.719283938408 8883625.2650627419 1576364.7507569641 29753.325044006109 71864.013961460441 37573.963652178645 3432.060500882566 9203.5466402266175
leaf_count=362120 224865 47561183 452941 73398 69053 39416 47356 17151 417686 507869 25475 288981 51806 233207 53955 367022 129392 48193 312437 83813 30328 82093 48101 1982822 505769 98014 48884 40949 40688 190783
internal_value=0.0809 0.00794336 -0.0256677 0.0799984 0.035813 0.0952425 0.0742188 0.0167316 0.0843749 -0.0291902 0.0536411 0.0677054 0.0337904 0.0314828 -0.000152713 0.0874251 0.0710584 0.0613067 0.00295114 0.0706839 0.0868068 0.0773377 0.0659508 0.0954593 0.0932009 0.0793339 0.0818419 0.0721301 -0.00717324 -0.00725742
internal_weight=1.28212e+07 2.10642e+06 1.43639e+06 670024 77837.6 1.07148e+07 109343 43350.8 626674 1.35855e+06 55019.1 96938.2 25963 24215.7 29130.9 529735 30803.4 25122.7 36683.6 92576 83379.7 49199.7 33592.1 1.06054e+07 1.72182e+06 145460 139191 67327.3 22818.5 26320.4
internal_count=54435750 51235347 49312739 1922608 998949 3200403 484549 691708 1230900 48313790 505320 446192 276671 302260 752607 784708 203060 177585 674557 372794 207878 177550 130194 2715854 733032 227263 187847 138963 493629 698652
is_linear=0
shrinkage=0.03


Tree=11
num_leaves=31
num_cat=0
split_feature=6 4 5 2 6 2 2 1 2 1 3 1 4 3 6 0 1 6 6 3 3 1 6 6 1 0 1 3 1 2
split_gain=1.3019e+07 5.26632e+06 223025 177270 81197.3 75586.2 51693.4 48401.9 31401.7 23709.6 21695.3 29019.3 21349.7 17899.1 17582.3 17512.8 12965 12933.8 12739.8 12298.5 11701.4 42776.3 32602.4 11062.2 12636.4 11032.8 14164.2 13590.5 12604 10719.4
threshold=53.456811198361223 1.0000000180025095e-35 53.218407812962418 83.424908424908438 61.320007916089459 94.360822556709792 91.922957440198829 90.595518867924554 94.360822556709792 86.526825332795497 5.5000000000000009 84.680573663624514 38.814749780509224 5.5000000000000009 47.925275482093667 67.006802721088448 93.643953676272574 49.878048780487809 41.943351691581434 5.5000000000000009 4.5000000000000009 84.475743348982789 77.849927849927852 90.219990435198483 97.979591836734713 89.687399291008717 98.484500574052831 5.5000000000000009 94.046775336640692 72.438780609695172
decision_type=2 2 2 2 2 2 2 2 2 2 2 2 2 2 2 2 2 2 2 2 2 2 2 2 2 2 2 2 2 2
left_child=1 3 17 7 5 9 -4 29 15 -2 -10 -12 18 -7 -14 -5 -15 -3 -8 -16 -6 22 -22 24 -23 26 27 28 -17 -1
right_child=4 2 6 8 20 13 12 -9 10 -11 11 -13 14 16 19 25 -18 -19 -20 -21 21 23 -24 -25 -26 -27 -28 -29 -30 -31
leaf_value=-0.022197173483157938 0.0015251327365152982 -0.029915794588046003 -0.012961266458734889 0.0043371353404886518 0.089866337282487191 0.085128837525018625 0.043208498228655974 0.075644755778641812 0.084036614921289082 0.051291597682024799 0.0051686472123995001 0.072734572338383527 0.0051615801321901623 -0.0030765237784184268 0.05807481048315763 0.067462387217843575 0.063824140516932595 -0.0060877095097265155 0.10714589705592827 0.0090495695286420038 0.023757327163611147 0.07540302178657346 0.074708825710798704 0.089684752934694911 0.086892312941769953 0.075942106475760787 0.10346073173074387 0.017936688829801824 0.020779269719663974 0.012442707793440673
leaf_weight=12918.933548171073 16391.332186186686 1284727.6912071127 23832.154945908114 4379.2929575331509 8865081.4209318161 81860.575224971399 5312.5091788936406 9581.564249522984 451210.48318748921 18163.155381841585 6086.4508707299829 95452.705305889249 15466.641261253506 3156.9400749653578 18609.885051174089 28194.023701507598 14953.439285157248 20836.407042397186 5948.4820511881262 6121.0957482475787 13156.022210437804 106096.70135776699 80318.133931070566 1454867.2435391247 460434.70363327116 47717.24494113028 5006.8226417452097 9272.1626410000026 6386.2087792754173 21285.716038431972
leaf_count=315632 291210 47340642 576368 73398 1913878 170020 69760 38423 456582 121357 87342 240784 244488 46198 147999 159682 84299 575526 35601 93820 85300 119721 79106 341274 176575 83813 3522 95842 29935 337653
internal_value=0.0762168 0.00729975 -0.0266402 0.0744921 0.0891039 0.0659366 0.023565 0.0160538 0.0784064 0.0276854 0.0812167 0.0686848 0.0404817 0.0791574 0.0302521 0.0630187 0.0521619 -0.0295355 0.0769905 0.0459422 0.0893878 0.0873816 0.0675381 0.0882992 0.0847408 0.0656794 0.0556549 0.0501942 0.0588423 -0.000640439
internal_weight=1.31928e+07 2.07835e+06 1.38085e+06 697492 1.11145e+07 134525 75290.8 43786.2 653705 34554.5 552750 101539 51458.6 99971 40197.6 100956 18110.4 1.30556e+06 11261 24731 1.098e+07 2.11487e+06 93474.2 2.0214e+06 566531 96576.5 48859.2 43852.4 34580.2 34204.6
internal_count=54435750 51006812 49084204 1922608 3428938 713084 1168036 691708 1230900 412567 784708 328126 591668 300517 486307 446192 130497 47916168 105361 241819 2715854 801976 164406 637570 296296 372794 288981 285459 189617 653285
is_linear=0
shrinkage=0.03


Tree=12
num_leaves=31
num_cat=0
split_feature=6 4 5 2 2 6 2 0 2 6 5 0 5 4 4 0 7 2 0 4 2 6 0 4 6 5 5 2 0 5
split_gain=1.14929e+07 4.7539e+06 318974 154473 52945.5 49047.8 46525.2 41411.5 28324.3 27378.2 17659.9 14358.1 14239.4 15599.2 14102.2 13675.7 13494.3 12242.4 11892.2 11233.3 11160.3 30857 18347.6 14059.9 10346.9 9850.31 9800.8 9718.96 9127.83 8905.45
threshold=55.013227513227527 1.0000000180025095e-35 54.250427013533056 83.424908424908438 94.360822556709792 61.320007916089459 90.366769774635472 83.414239482200671 93.908472479901064 49.878048780487809 61.791443850267385 67.006802721088448 63.47680097680098 40.586884775434079 33.813173156586586 86.240703177822866 49.500000000000007 75.58265582655828 85.880398671096358 41.277122469783031 94.570024570024586 73.746867167919817 86.240703177822866 65.771449170872401 44.405320813771525 45.013089005235607 55.725995316159263 80.810147299509012 54.641148325358849 49.886877828054303
decision_type=2 2 2 2 2 2 2 2 2 2 2 2 2 2 2 2 2 2 2 2 2 2 2 2 2 2 2 2 2 2
left_child=1 3 9 7 18 6 15 17 11 29 19 -5 13 -8 25 -2 28 -1 -4 24 21 22 23 27 -6 -11 -15 -7 -10 -3
right_child=5 2 4 8 10 20 12 -9 16 14 -12 -13 -14 26 -16 -17 -18 -19 -20 -21 -22 -23 -24 -25 -26 -27 -28 -29 -30 -31
leaf_value=-0.014059053777793689 0.008260070212204814 -0.030242493508364308 -0.013220028876007395 0.004801465152223898 0.032398592420026795 0.018766972175410311 0.093272120501411121 0.089835671067710551 -0.0020207722785832126 0.012094545729179723 0.071758255748151187 0.060842637349150977 0.083601548362041117 0.024663563654104076 -0.0063540139794398855 0.071577905667292191 0.069041025841712997 0.01991399983171312 0.030657832758824412 0.026537698883011614 0.084622642233000644 0.082991548315640554 0.079061398905046876 0.07522771926682556 0.10113417367359194 0.13833621892626366 0.060610144973385974 0.053162300701517541 0.079165940033172025 -0.017651950423674619
leaf_weight=17876.430481925607 14843.256191108376 1204006.5449890383 20431.090531049296 4304.2163603007793 3863.5110684409738 11063.119217399508 10353.535438619554 5838.8980030752718 1249.8654354438186 1170.8560383375734 20158.883777499199 93759.116396542639 52744.124872859567 9151.5748249739408 27071.565773803741 3869.9338173866272 181669.39351672307 20484.09380684793 7636.0913819614798 25545.515395745635 9425024.6418242902 1778202.749788776 47628.333885461092 17088.899828501046 4027.5452019646764 1059.6207319889218 26907.792906466872 22309.834380440414 396917.00853549317 52787.72219562158
leaf_count=406513 218453 45852768 475962 72104 51768 64040 34181 6602 15321 29828 67639 360168 55117 71571 708209 14451 349044 278593 76987 302499 1972325 556207 36333 21645 24094 14570 90776 65304 434263 1708415
internal_value=0.0721634 0.0074815 -0.0253947 0.0697537 0.0320985 0.084001 0.064747 0.0154123 0.0732967 -0.0290453 0.049579 0.0583831 0.072935 0.0608115 -0.0003786 0.0213583 0.0758188 0.00408183 -0.00128121 0.0362049 0.0842018 0.0820879 0.0657047 0.0530965 0.0674911 0.0721093 0.0514885 0.0417616 0.078911 -0.0297137
internal_weight=1.3509e+07 2.08986e+06 1.36776e+06 722099 81662.6 1.14192e+07 117870 44199.4 677900 1.2861e+06 53595.5 98063.3 99157 46412.9 29302 18713.2 579836 38360.5 28067.2 33436.6 1.13013e+07 1.87629e+06 98090.2 50461.9 7891.06 2230.48 36059.4 33373 398167 1.25679e+06
internal_count=54435750 51235347 49312739 1922608 998949 3200403 484549 691708 1230900 48313790 446000 432272 251645 196528 752607 232904 798628 685106 552949 378361 2715854 743529 187322 150989 75862 44398 162347 129344 449584 47561183
is_linear=0
shrinkage=0.03


Tree=13
num_leaves=31
num_cat=0
split_feature=6 4 5 1 3 1 6 1 3 0 5 6 5 3 4 0 4 6 7 5 3 1 3 3 1 6 6 1 0 3
split_gain=1.02398e+07 4.38184e+06 308387 98424.6 75302.8 57174.1 48538.5 42097.2 41980.3 23930.2 21856.5 20689.7 17370.6 15962.8 15299 15161.4 13794.6 12929.9 11894.1 11740.7 10464.9 10051.9 13157.1 9550.14 30382.5 17030 9261.79 10371.7 8950.98 9545.81
threshold=55.013227513227527 1.0000000180025095e-35 53.218407812962418 83.6786469344609 3.5000000000000004 87.585616438356183 64.310689310689312 86.391694725028074 4.5000000000000009 87.138130686517798 61.00492847698041 49.878048780487809 64.480286738351268 1.0000000180025095e-35 44.124551228942288 57.275132275132279 40.469309110927618 44.405320813771525 22.500000000000004 63.47680097680098 5.5000000000000009 97.467948717948744 2.5000000000000004 4.5000000000000009 83.752357008170975 81.106578276389612 91.697994987468704 99.504950495049513 79.784946236559151 7.5000000000000009
decision_type=2 2 2 2 2 2 2 2 2 2 2 2 2 2 2 2 2 2 2 2 2 2 2 2 2 2 2 2 2 2
left_child=1 3 11 4 15 13 7 8 19 21 16 -3 14 -4 -9 -1 17 -7 -13 -2 -16 22 -5 -8 25 -25 27 -26 -27 -30
right_child=6 2 5 9 -6 10 23 12 -10 -11 -12 18 -14 -15 20 -17 -18 -19 -20 -21 -22 -23 -24 24 26 28 -28 -29 29 -31
leaf_value=-0.0039404708883161591 0.034880571163622039 -0.02981088478568461 0.038084249218951573 0.06368947859891827 -0.007908179673047841 0.027678199092252973 0.080205739168921888 0.07976825064781598 -0.014590965781987189 0.072380994771060275 0.064678898819009123 -0.011267882702477623 0.079488297403170941 -0.018147241125820224 0.05794649833465073 0.061834044940510112 0.019739682930590592 0.10096832939286933 0.045362338792406517 0.077517580893609675 0.024464656865990666 0.064886910050137567 0.036223206670944579 0.030867011309451631 0.068301317158138558 0.072404979681510398 0.080091677213310106 0.077663749689653783 0.070149773350934266 0.026249412669944093
leaf_weight=3434.3188868649304 11106.884896740317 1214197.8434218895 5591.3425991497934 31208.30068667978 26793.220190137625 4575.1175454314798 9273591.7774849832 24785.990044888109 10690.315671954304 501776.36849888414 24854.986366588622 21467.300910077989 97957.595118910074 24223.412954647094 40995.1366658099 38571.101075917482 31700.698358695954 4117.0492479968816 3951.4382058586925 12203.74547091499 10571.945780724287 111295.86872870475 31599.523372404277 14323.632591761649 132274.23645938933 56826.529540061951 1444032.1580264866 548733.40490072966 8851.2547227591276 8986.6917746216059
leaf_count=70581 100254 47340642 70182 108587 514803 74073 1853436 62920 164998 499852 91414 591274 70798 587071 101734 235978 447957 27219 82907 35793 64497 234103 258704 61813 125229 40437 312175 179889 6813 19617
internal_value=0.0686167 0.00727304 -0.0252567 0.0655757 0.0313898 0.0268169 0.0795226 0.0651694 0.0346314 0.0690555 0.0425438 -0.0292501 0.0711259 -0.00760038 0.0603961 0.0564561 0.0289218 0.0624015 -0.00246247 0.0572052 0.0510832 0.0594706 0.0498718 0.0797829 0.0780117 0.0608356 0.0787309 0.0758454 0.0665841 0.0480365
internal_weight=1.37753e+07 2.07936e+06 1.33468e+06 744679 68798.6 95062.6 1.16959e+07 208312 34000.9 675880 65247.9 1.23962e+06 174311 29814.8 76353.1 42005.4 40392.9 8692.17 25418.7 23310.6 51567.1 174104 62807.8 1.14876e+07 2.21403e+06 88988.1 2.12504e+06 681008 74664.5 17837.9
internal_count=54435750 51235347 49312739 1922608 821362 1297916 3200403 600994 301045 1101246 640663 48014823 299949 657253 229151 306559 549249 101292 674181 136047 166231 601394 367291 2599409 745973 128680 617293 305118 66867 26430
is_linear=0
shrinkage=0.03


Tree=14
num_leaves=31
num_cat=0
split_feature=5 4 5 2 2 5 2 1 4 3 1 4 1 2 5 2 5 3 1 3 3 2 3 1 2 4 3 3 5 1
split_gain=8.82618e+06 3.99661e+06 255331 127479 66468.3 65509.9 63582.2 37564.3 33972.9 23716 35261.1 21335.3 16205.5 15806 15496.8 15493.1 24351.3 15354.5 13041.1 12948.9 11752.7 10926.5 10195.7 30656.1 10377.6 9433.92 9311.87 8935.1 8595.44 7573.69
threshold=53.977992014801842 1.0000000180025095e-35 49.886877828054303 85.880398671096358 91.61646586345384 58.983582364877343 90.366769774635472 93.419913419913414 41.686413902053715 5.5000000000000009 96.590468810538582 45.179515217787504 83.910792512943061 95.419580419580441 47.031715912171329 94.360822556709792 64.480286738351268 5.5000000000000009 82.426470588235304 5.5000000000000009 4.5000000000000009 79.337712096332794 4.5000000000000009 97.100840336134453 99.504950495049513 35.475925631654228 4.5000000000000009 4.5000000000000009 98.561076604554884 87.007672634271117
decision_type=2 2 2 2 2 2 2 2 2 2 2 2 2 2 2 2 2 2 2 2 2 2 2 2 2 2 2 2 2 2
left_child=1 3 14 7 29 6 12 17 26 13 -11 -8 -2 -5 -3 16 18 21 20 -13 -7 -1 -17 24 -24 -16 -6 -10 -26 -4
right_child=5 2 4 9 8 15 11 -9 27 10 -12 19 -14 -15 25 22 -18 -19 -20 -21 -22 -23 23 -25 28 -27 -28 -29 -30 -31
leaf_value=0.0012205224237597334 -0.007590790467242107 -0.029804993697413774 -0.023499027480721416 0.056835318040308613 0.071234315771033979 0.049073489071019077 0.076286759436713911 0.071283347663679025 0.028035161992314265 0.018610748362312881 0.060817324502794215 0.059775475486939678 0.038058058649533204 0.070222582763337552 0.0095778958564485435 0.076534320085043211 0.073811565592229914 -0.016566854166243591 0.063223480649925654 0.028188720903804271 -0.0060323639052062266 0.035376047081190756 0.078368964301873553 0.07519048005482197 0.053848414795072796 -0.020154367696565315 0.034045037797606086 -0.0032902192152872147 0.076163263507958295 0.0077290733319986243
leaf_weight=15454.265190698206 13713.497191019356 1094096.296276303 23654.270218834281 95029.085678718984 21954.750931490213 12406.639642491937 74724.011507228017 10472.881320551038 27312.493838693947 21418.006250269711 105953.17261920124 59111.523394919932 14292.573447423056 483181.11500256509 11396.774376394227 7982947.2233752906 1847189.7794725038 15020.489026352763 59728.000785425305 14563.103163469583 4841.8575471118093 18546.356265392154 25281.450423076749 1731144.327375818 102633.31502529979 61037.098138870671 8376.1610669568181 11706.291786774993 18319.308542713523 9919.7897847630084
leaf_count=276036 297741 43891997 777020 252177 211807 66652 171002 25742 408326 208473 220371 212874 138897 442185 348549 1522903 711579 327658 122421 128777 79624 169966 8996 470399 151503 2107737 167853 276552 5115 234818
internal_value=0.0654883 0.00772332 -0.0249188 0.0618849 0.0203764 0.075314 0.0571663 0.019712 0.0371508 0.0654408 0.0537204 0.0649906 0.0157056 0.0680225 -0.0289153 0.0755857 0.0731225 0.00869275 0.0565873 0.0535325 0.0336043 0.0198523 0.0760663 0.0740762 0.0608843 -0.015476 0.0609661 0.0186368 0.0572289 -0.014272
internal_weight=1.39954e+07 2.03453e+06 1.26945e+06 765075 102924 1.19609e+07 176405 59494 69349.7 705581 127371 148399 28006.1 578210 1.16653e+06 1.17845e+07 1.92417e+06 49021.1 76976.5 73674.6 17248.5 34000.6 9.86033e+06 1.87738e+06 146234 72433.9 30330.9 39018.8 120953 33574.1
internal_count=54435750 50347267 48424659 1922608 2076376 4088483 949291 799402 1064538 1123206 428844 512653 436638 694362 46348283 3139192 980276 773660 268697 341651 146276 446002 2158916 636013 165614 2456286 379660 684878 156618 1011838
is_linear=0
shrinkage=0.03


Tree=15
num_leaves=31
num_cat=0
split_feature=6 4 5 2 2 6 2 1 6 3 1 3 2 2 4 6 4 1 4 3 1 1 3 1 6 7 6 1 6 1
split_gain=8.35955e+06 3.70537e+06 358811 114275 56237.8 34542.3 43329 33959.7 25675.6 22214.7 31393.4 21700.1 15130.9 15043.9 13969 13578.6 13535.1 12724.6 11087.1 9429.76 9489.41 9278.25 8794.72 27474.2 15590.7 8768.69 8664.86 9660.76 8619.09 8292.09
threshold=56.152367219418416 1.0000000180025095e-35 53.218407812962418 85.880398671096358 94.360822556709792 64.310689310689312 90.366769774635472 92.403846153846175 49.878048780487809 5.5000000000000009 96.590468810538582 5.5000000000000009 78.611556982343515 95.419580419580441 59.663271080928133 49.878048780487809 34.051844281334212 86.391694725028074 59.663271080928133 5.5000000000000009 96.449579831932795 92.031746031746039 4.5000000000000009 84.475743348982789 81.106578276389612 14.500000000000002 91.697994987468704 98.076211616722162 99.779735682819393 83.910792512943061
decision_type=2 2 2 2 2 2 2 2 2 2 2 2 2 2 2 2 2 2 2 2 2 2 2 2 2 2 2 2 2 2
left_child=1 3 8 7 17 6 14 12 -3 13 -11 15 -1 -5 29 -6 -10 -4 19 -8 -21 -13 -7 24 25 -24 27 -25 -26 -2
right_child=5 2 4 9 11 22 18 -9 16 10 -12 21 -14 -15 -16 -17 -18 -19 -20 20 -22 -23 23 26 28 -27 -28 -29 -30 -31
leaf_value=-0.010445772173705192 -0.0094676834197166687 -0.029710069807310408 -0.018936957871815006 0.053630014754610794 0.030409601736277079 0.072849021149663504 0.063719128448909937 0.062644094289802804 0.063525859452386785 0.01779485738476275 0.057290268479518333 -0.022473379738627234 0.02343438621197122 0.066518270116800657 0.057933621087595914 0.061038491447221385 -0.0075380182511104498 0.015667642537536358 0.074853320184337102 -0.0014206379949290955 0.050940443551745332 0.025451587634706386 0.044749837276733082 0.061381325376965154 0.054825695366419562 -0.0016656283375881683 0.072776939091749079 0.070417374856902332 0.076661375951676908 0.029440993818928212
leaf_weight=22670.197954300791 9035.2650270424783 1149825.6351921298 21262.79754116945 97645.780341614038 20011.767605682835 9603100.0991095006 83165.182695250958 12617.836407952011 2658.5819393396378 21723.282039366663 109052.41013544053 4736.1098127942532 24884.778280761093 494603.24884421378 8382.447403345257 37351.775163806975 25927.163952155039 17379.451195370406 68932.756283782423 3879.0737510360777 15801.933384086937 15633.64672232233 10292.248507350683 130923.02530322969 61936.934984505177 5685.9334240406752 1491392.2289926112 572908.0345735997 22085.474023774266 10845.476050142199
leaf_count=490083 132894 47340642 532876 252177 212617 1853436 128799 35028 49785 208473 220371 88537 274291 442185 30223 141637 670420 231591 34325 36835 48631 171257 32873 118757 66258 31531 309651 181952 4951 62664
internal_value=0.0626948 0.00710782 -0.0240489 0.0586163 0.0262051 0.0722422 0.059878 0.0188929 -0.0290119 0.0619222 0.0507299 0.0409088 0.00728299 0.0643935 0.0254549 0.0503543 -0.000926294 -0.00337306 0.0655415 0.0592994 0.0406199 0.0143074 0.0724501 0.070781 0.0554005 0.0282326 0.0714816 0.0687366 0.0605663 0.0117577
internal_weight=1.41764e+07 2.07798e+06 1.29479e+06 783198 116376 1.20984e+07 200042 60172.8 1.17841e+06 723025 130776 77733.3 47555 592249 28263.2 57363.5 28585.7 38642.2 171779 102846 19681 20369.8 1.18983e+07 2.29522e+06 100001 15978.2 2.19522e+06 703831 84022.4 19880.7
internal_count=54435750 51361970 49439362 1922608 1378515 3073780 474371 799402 48060847 1123206 428844 614048 764374 694362 225781 354254 720205 764467 248590 214265 85466 259794 2599409 745973 135613 64404 610360 300709 71209 195558
is_linear=0
shrinkage=0.03


Tree=16
num_leaves=31
num_cat=0
split_feature=6 4 5 1 6 3 1 3 1 0 6 5 4 3 4 6 7 6 0 1 3 3 1 6 7 6 6 1 7 1
split_gain=7.60784e+06 3.5101e+06 270540 74266.7 48883.5 47084.2 42638.7 33475.4 41963.4 25895.4 20711.8 18296 14261 13058.3 11834.8 10781.6 10627.2 9608.02 8782.32 8826.75 14061.3 8583.6 26025.3 16475.7 9631.3 8041.77 7850.77 8500.24 7741.87 11553.5
threshold=55.013227513227527 1.0000000180025095e-35 53.218407812962418 80.217391304347842 64.310689310689312 1.5000000000000002 87.428160919540247 4.5000000000000009 91.616465863453826 87.29833546734956 49.878048780487809 62.668584786908845 59.663271080928133 1.0000000180025095e-35 38.696402495685653 49.878048780487809 22.500000000000004 41.943351691581434 65.771449170872401 97.467948717948744 2.5000000000000004 4.5000000000000009 86.391694725028074 81.106578276389612 14.500000000000002 99.779735682819393 94.008547008547026 99.504950495049513 46.500000000000007 93.643953676272574
decision_type=2 2 2 2 2 2 2 2 2 2 2 2 2 2 2 2 2 2 2 2 2 2 2 2 2 2 2 2 2 2
left_child=1 3 10 5 7 -1 13 12 -9 18 -3 14 -2 -4 17 -16 -12 -8 -5 20 -20 -6 23 24 -23 -25 27 -24 -11 -30
right_child=4 2 6 9 21 -7 11 8 -10 28 16 -13 -14 -15 15 -17 -18 -19 19 -21 -22 22 26 25 -26 -27 -28 -29 29 -31
leaf_value=0.052596057283119078 0.054543000066902256 -0.029657259293293593 0.03121985404887655 0.026832054224087853 0.069784308546129714 -0.0040825588057648628 0.021608600593646925 -0.009541741478488212 0.051197534034046047 0.064112587109226599 -0.010762632014150909 0.058345812224471223 0.072133585178100451 -0.01853171296751845 0.0016286600600553564 0.03200506918832198 0.041883105269632862 0.08116789600078915 0.054459112760917271 0.056391328590938608 0.029644553958419459 0.044411336453479007 0.060099555418431892 0.054184059043220725 0 0.072875772807228734 0.070012520485183874 0.067718781283186452 0.031758464455959028 0.058836558354204413
leaf_weight=24012.639436230063 106032.20729699731 1117800.2885633092 5946.3542496226728 14723.550171934068 9722167.9493755028 29267.591570079327 4422.643347484991 14452.643075652421 35089.809051297605 362714.32901719213 20956.718764964491 20429.191317923367 68180.436516601592 23542.60602658987 19570.492339579388 22731.536529170349 4130.1209796778858 5435.2710886057466 46455.925675325096 111415.93588911742 36873.081421788782 12747.933072540909 160313.47277937829 78375.319318562746 6706.3961749151349 28184.76974684 1295115.0704207867 743890.4174336493 15582.712117612362 158428.44256450236
leaf_count=122303 272462 47340642 68397 101589 1853436 561417 60645 189792 101423 278403 591274 59312 37317 579060 302255 199240 82907 29007 152342 190799 291756 35994 127358 76983 35145 6069 245612 218812 44711 179288
internal_value=0.0602078 0.00662774 -0.0248727 0.0556812 0.0691345 0.0214619 0.0219214 0.0552396 0.0334784 0.0581245 -0.0290522 0.0342794 0.0614278 -0.00849824 0.0248522 0.0179525 -0.00209349 0.0544537 0.0491776 0.0508668 0.0434793 0.0693925 0.0677544 0.0544936 0.0291022 0.0591287 0.0685142 0.066368 0.0616161 0.056412
internal_weight=1.43157e+07 2.04444e+06 1.24497e+06 799474 1.22713e+07 53280.2 102078 223755 49542.5 746194 1.14289e+06 72589.1 174213 29489 52159.9 42302 25086.8 9857.91 209468 194745 83329 1.20475e+07 2.32533e+06 126014 19454.3 106560 2.19932e+06 904204 536725 174011
internal_count=54435750 51235347 49312739 1922608 3200403 683720 1297916 600994 291215 1238888 48014823 650459 309779 647457 591147 501495 674181 89652 736486 634897 444098 2599409 745973 154191 71139 83052 591782 346170 502402 223999
is_linear=0
shrinkage=0.03


Tree=17
num_leaves=31
num_cat=0
split_feature=6 4 5 2 2 6 2 0 6 5 3 1 2 1 2 4 4 6 2 6 1 3 3 3 4 0 2 0 3 1
split_gain=6.96309e+06 3.21354e+06 334740 98030.4 47951.1 35200.1 37980.4 30000.6 25336.9 21818 19502.6 23431.2 17527.9 14367.8 12816.2 12427.3 11917.5 11730.5 9263.83 19097.6 12529.6 10362.2 9113.65 8585.1 8364.26 8349.53 7436.66 7306.28 7171.81 26609.7
threshold=56.152367219418416 1.0000000180025095e-35 53.218407812962418 87.007672634271117 90.366769774635472 64.310689310689312 91.922957440198829 86.240703177822866 49.878048780487809 61.00492847698041 5.5000000000000009 96.684981684981707 79.095323281369801 80.735492577597867 95.419580419580441 41.277122469783031 34.051844281334212 44.405320813771525 95.419580419580441 81.106578276389612 78.319623971797895 7.5000000000000009 5.5000000000000009 4.5000000000000009 59.663271080928133 86.180371352785158 73.205084163517697 82.637681159420296 5.5000000000000009 97.100840336134453
decision_type=2 2 2 2 2 2 2 2 2 2 2 2 2 2 2 2 2 2 2 2 2 2 2 2 2 2 2 2 2 2
left_child=1 3 8 7 25 6 13 12 -3 15 14 -12 -1 -2 -5 17 27 -6 19 20 21 26 -8 -17 -15 -4 -7 -10 -20 -30
right_child=5 2 4 10 9 18 22 -9 16 -11 11 -13 -14 24 -16 23 -18 -19 28 -21 -22 -23 -24 -25 -26 -27 -28 -29 29 -31
leaf_value=-0.0076360746456288981 -0.0042848662923033872 -0.029604287646381702 -0.017023491134972188 0.048460823165480567 0.017802256344642439 0.0089288394658543074 0.062938792574401742 0.067021660279468515 0.0044985789139812349 0.051596416097155338 0.016816104371150598 0.051256674369075307 0.025202756915235526 0.025833818912787371 0.060375001561507033 0.022701250669022538 -0.007430507171509137 0.074837078127093129 0.067411128542250037 0.065895113878464473 0.059444386933735112 -0.011276521816705624 0.044190367142281688 -0.0074241582025397932 0.063464720040507558 0.033854752757566456 0.052481577374607943 0.10122671468646324 0.051601393327831556 0.066303188187832776
leaf_weight=25990.592519558966 10263.186483129859 1086676.1762206275 24180.347034573555 96604.859734255821 6222.6145311649889 4277.9555067196488 145559.81254918873 9993.8291583955288 1286.7516559604555 38179.643454767764 21064.661428239197 114055.13055477291 33458.376659173518 16368.481318254024 512972.04037952423 29239.290364764631 25792.264940671623 6786.2110100034624 8299600.2706919089 1924970.9195996523 219954.19501532614 3365.4612186141312 27810.610715642571 12009.452203571796 7875.5474231801927 3297.8926596138626 20175.407498512417 1548.7981792762876 119238.50550700724 1571305.6973711401
leaf_count=521433 135848 47340642 602535 225777 91472 15288 139214 13062 32069 116376 193331 219769 307051 94972 442185 290108 670420 38121 1419913 504949 142404 21778 91079 204241 13258 35662 27011 17716 113851 354215
internal_value=0.0579678 0.00674922 -0.0237495 0.0530221 0.0238783 0.0664527 0.0542107 0.0189313 -0.0288704 0.0342214 0.056201 0.0458878 0.0108458 0.0254661 0.058487 0.0219941 -0.00101132 0.0475598 0.0666619 0.0648859 0.0570449 0.0380712 0.0599317 0.01393 0.0380608 -0.0109156 0.0448636 0.0573545 0.0670482 0.0652663
internal_weight=1.44201e+07 2.04936e+06 1.23522e+06 814139 119915 1.23708e+07 207878 69442.8 1.1153e+06 92437.2 744697 135120 59449 34507.2 609577 54257.6 28627.8 13008.8 1.21629e+07 2.17274e+06 247773 27818.8 173370 41248.7 24244 27478.2 24453.4 2835.55 9.99014e+06 1.69054e+06
internal_count=54435750 51361970 49439362 1922608 1378515 3073780 474371 841546 48060847 740318 1081062 413100 828484 244078 667962 623942 720205 129593 2599409 711430 206481 64077 230293 494349 108230 638197 42299 49785 1887979 468066
is_linear=0
shrinkage=0.03


Tree=18
num_leaves=31
num_cat=0
split_feature=6 4 5 0 1 6 0 6 3 1 5 3 0 1 3 6 4 7 4 1 4 3 1 6 6 1 0 3 3 7
split_gain=6.40273e+06 3.0027e+06 323829 64058.8 41982.5 35872 27277.2 25232.2 24207.5 31346.7 19159.8 15647.1 15207.5 12556.5 25796.6 11673.3 11652.6 11537.9 10226.9 9999.53 8776.69 8527.6 24625.2 12884.8 8843.73 10171.7 8513.56 8328.28 7781.97 7611.35
threshold=56.152367219418416 1.0000000180025095e-35 53.218407812962418 65.261756876663725 87.428160919540247 64.310689310689312 87.29833546734956 49.878048780487809 4.5000000000000009 91.616465863453826 64.480286738351268 1.5000000000000002 55.351882160392812 96.590468810538582 2.5000000000000004 49.878048780487809 44.124551228942288 22.500000000000004 59.663271080928133 87.007672634271117 38.814749780509224 4.5000000000000009 82.972848596410515 81.106578276389612 91.697994987468704 98.076211616722162 78.456192603623734 1.0000000180025095e-35 7.5000000000000009 46.500000000000007
decision_type=2 2 2 2 2 2 2 2 2 2 2 2 2 2 2 2 2 2 2 2 2 2 2 2 2 2 2 2 2 2
left_child=1 3 7 12 11 8 13 -3 18 -10 15 -4 -1 14 -5 20 -17 -9 -2 -16 -6 -7 23 -23 25 -24 -25 -14 -28 -8
right_child=5 2 4 6 10 21 29 17 9 -11 -12 -13 27 -15 19 16 -18 -19 -20 -21 -22 22 24 26 -26 -27 28 -29 -30 -31
leaf_value=-0.017289093323250293 0.050829123854888698 -0.029551108103525445 0.024530655240848787 0.048925238243335299 0.03839429563488235 0.06459606146782694 0.058537799924631991 -0.0097755831384850941 -0.0081437971803221751 0.04764824142568181 0.059808976900689696 -0.020244358399953744 0.056441053497826604 0.050773093489763575 0.0058122599004259926 0.069073943421040396 0.028592359136263418 0.040345397666685143 0.065980627112663434 0.033057195913251167 0.0016404845559484832 0.021277233685874735 0.053300870004376902 0.057962151945313983 0.064482158831212763 0.062219137122695264 0.054073588532213404 0.016390058555404645 0.014820290048134146 0.051033599370924831
leaf_weight=10698.535952810198 97450.901411954314 1056429.334060831 10223.713602563366 66974.7597117275 8069.9070044197142 9880014.3127459288 374228.9438816309 23581.540270457044 12477.951537579298 33112.538232706487 19510.495560228825 22439.979048989713 5884.9759801588953 117531.08323898911 22924.790567621589 8000.3139181993902 32003.768255747855 5011.1703816093504 68180.522348679602 25737.794803097844 21229.739614939317 14574.363363146782 143044.37277132273 55724.847259625793 1544931.0045724511 590964.57921519876 9031.7108074575663 22688.309537250549 9154.7781989127398 180417.31110500544
leaf_count=228673 208874 47340642 137231 239699 83347 1853436 281158 630606 149764 80263 41305 552532 17817 195635 307871 30051 224828 89599 35470 154064 309221 59143 127789 36095 314811 181952 6916 271077 19267 226614
internal_value=0.0559408 0.00658471 -0.023598 0.0506132 0.0228518 0.063997 0.0524773 -0.0287985 0.051738 0.032378 0.0335472 -0.00622903 0.0132179 0.0438669 0.0368471 0.026153 0.0366901 -0.000989731 0.0570665 0.0202229 0.0117649 0.0642084 0.0625906 0.0470611 0.0631936 0.0604812 0.0521448 0.0246412 0.0343169 0.0560969
internal_weight=1.44922e+07 2.03359e+06 1.2065e+06 827087 121478 1.24587e+07 787815 1.08502e+06 211222 45590.5 88814.2 32663.7 39271.8 233168 115637 69303.7 40004.1 28592.7 165631 48662.6 29299.6 1.22474e+07 2.36743e+06 88485.7 2.27894e+06 734009 73911.3 28573.3 18186.5 554646
internal_count=54435750 51361970 49439362 1922608 1378515 3073780 1405041 48060847 474371 230027 688752 689763 517567 897269 701634 647447 254879 720205 244344 461935 392568 2599409 745973 121421 624552 309741 62278 288894 26183 507772
is_linear=0
shrinkage=0.03


Tree=19
num_leaves=31
num_cat=0
split_feature=6 4 5 2 2 6 2 1 6 7 3 1 1 5 6 4 2 6 1 2 3 3 1 3 2 1 4 1 6 3
split_gain=5.91414e+06 2.81044e+06 314248 85797.3 46164.3 36702.3 34621.1 25869.3 20598.1 18846 18336.5 13520 13129.4 11595.1 11481.1 10525.3 9758.29 19189.5 12043.7 9519.81 9476.38 9377.3 13074.9 9370.08 8655.73 12240.6 7878.05 7541.84 7352.57 6919.29
threshold=56.152367219418416 1.0000000180025095e-35 52.479508196721319 88.2734912146677 94.360822556709792 64.310689310689312 94.360822556709792 77.015755329008357 49.878048780487809 45.500000000000007 5.5000000000000009 94.570024570024586 82.807881773399018 63.47680097680098 47.925275482093667 34.051844281334212 94.957627118644083 77.849927849927852 81.120250685468093 75.58265582655828 5.5000000000000009 5.5000000000000009 97.014260249554368 5.5000000000000009 95.69842738205368 87.007672634271117 38.605176307104401 92.031746031746039 94.008547008547026 4.5000000000000009
decision_type=2 2 2 2 2 2 2 2 2 2 2 2 2 2 2 2 2 2 2 2 2 2 2 2 2 2 2 2 2 2
left_child=1 3 8 7 13 6 12 -1 -3 -5 14 20 -2 -4 26 -10 17 18 19 -7 -9 24 -23 -8 25 -11 -6 -12 -19 -18
right_child=5 2 4 9 10 16 23 11 15 21 27 -13 -14 -15 -16 -17 29 28 -20 -21 -22 22 -24 -25 -26 -27 -28 -29 -30 -31
leaf_value=-0.0088325057299941164 0.0022973708949695854 -0.029584869454365878 -0.012096602531767199 0.055219506378581834 0.049027313230858668 0.00073979766943604473 0.059089601994248168 0.029282176810325192 0.051810341206250693 -0.0051863901365789044 -0.022786165881709414 0.05667740021533893 0.036988422648391479 0.030836094430478182 0.048702556669028334 -0.0091965560671783547 0.062759574131213858 0.058816450574791179 0.053900728087872732 0.042132382541022875 -0.0023957002141625143 0.0043012340754045083 0.041224250430434227 0.039943384037869921 0.052248694331671987 0.042991250146440667 0.0068966809036078618 0.018808607472225191 0.062539830967539928 0.060772743221278125
leaf_weight=21557.471697553992 13832.5061654374 1022070.7706976514 35737.703549135476 475269.07531880587 5926.4007302056998 6622.6712378337979 138977.35852876306 37530.302350774407 2862.9202829785645 5280.3626915030181 5016.4148153271526 12888.653112955391 33845.668023020029 6726.25201562047 47102.656991990283 22866.038188893348 8226599.7675337642 826525.64725124836 137551.04140441865 20426.157744068652 10985.896461203694 9986.5536184050143 63666.864135816693 27586.033805046231 154731.26276224852 46860.032698400319 12254.2547362037 17986.408842671663 1131979.5778006762 1954067.6755557433
leaf_count=452067 161775 47171972 829243 513734 47455 30280 112915 260723 48928 35689 102827 24769 113664 57556 203827 616079 1380199 304816 95827 38095 159254 91980 129586 86017 167455 87351 162033 199442 224547 525645
internal_value=0.0540959 0.00642688 -0.0234453 0.0484007 0.0204078 0.0617779 0.0494666 0.0194399 -0.0289175 0.0515796 0.0327705 0.0293658 0.0269243 -0.00529518 0.0408861 -0.00240585 0.0619923 0.0601416 0.0503019 0.0319987 0.0221089 0.0454126 0.0362182 0.055919 0.0486859 0.0381119 0.0206329 0.00973645 0.0609685 0.0623782
internal_weight=1.45353e+07 2.01731e+06 1.17855e+06 838756 130750 1.2518e+07 214242 82962.3 1.0478e+06 755794 88286.1 61404.9 47678.2 42464 65283.3 25729 1.23038e+07 2.12311e+06 164600 27048.8 48516.2 280525 73653.4 166563 206872 52140.4 18180.7 23002.8 1.95851e+06 1.01807e+07
internal_count=54435750 51361970 49439362 1922608 1602383 3073780 474371 896813 47836979 1025795 715584 444746 275439 886799 413315 665007 2599409 693565 164202 68375 419977 512061 221566 198932 290495 123040 209488 302269 529363 1905844
is_linear=0
shrinkage=0.03


Tree=20
num_leaves=31
num_cat=0
split_feature=6 5 5 2 2 6 2 0 5 0 6 3 1 2 5 3 2 0 0 1 3 1 3 1 1 3 0 2 6 1
split_gain=5.48448e+06 2.63508e+06 304973 79570.3 45285.6 37581.9 43903.9 31932.1 21316.2 17824.3 17781.6 16397.3 17050.4 16170.1 11616.6 11380.5 9707.41 8369.66 8088.84 7734.92 7508.47 7938.5 7365.44 7352.84 7751.27 9435.46 8332.57 7294.49 11761.4 6524.58
threshold=56.152367219418416 1.0000000180025095e-35 52.062900218853862 89.022757697456498 90.366769774635472 69.006568144499184 91.61646586345384 86.240703177822866 58.363746958637471 86.240703177822866 49.878048780487809 5.5000000000000009 84.680573663624514 77.849927849927852 68.44476055002373 5.5000000000000009 94.360822556709792 87.827672669250077 86.180371352785158 97.100840336134453 1.5000000000000002 94.360822556709778 1.5000000000000002 85.145784081954318 92.403846153846175 3.5000000000000004 92.390405293631105 95.419580419580441 91.697994987468704 90.803382663847799
decision_type=2 2 2 2 2 2 2 2 2 2 2 2 2 2 2 2 2 2 2 2 2 2 2 2 2 2 2 2 2 2
left_child=1 3 10 7 18 6 9 13 22 14 -3 16 -13 29 -2 -8 23 -12 -4 -17 -10 -22 -6 -5 -25 26 -26 28 -7 -1
right_child=5 2 4 11 8 27 15 -9 20 -11 17 12 -14 -15 -16 19 -18 -19 -20 -21 21 -23 -24 24 25 -27 -28 -29 -30 -31
leaf_value=-0.015795365456797245 0.0049493146159573188 -0.029584348794484527 -0.018231124772287468 0.0070876314937923009 0.02618115174556019 0.05553440402658244 0.057200750457387435 0.053455874699782843 0.051172849090035756 0.051735163205357391 -0.016698008139570196 -0.0013225775261833431 0.042909012859580827 0.020468483767959105 0.037654611252296175 0.016420032249521745 0.053049243554081131 0.020166096301055612 0.028595008741682557 0.047248253895639705 -0.001006275271987767 0.037917418070993032 0.0026812245434783542 0.059514027226129293 0.0016076970422563756 0.047512238712251825 0.043343919504738877 0.060412003589797772 0.060142413911135173 0.03385974963992025
leaf_weight=20406.346143342555 27198.801291979849 990277.66121772304 27983.998580800369 5208.5313344299793 22315.43834692426 777221.66716681421 305351.88721887767 20091.291277356446 29424.609745215625 18888.346141058952 15503.36275251396 8345.7693693898618 130158.77951644361 48763.601763226092 15257.62415913865 8734.4756420142949 544638.56917721033 8626.181584270671 3765.894113747403 45484.350221723318 6042.5253561027348 21463.452160432935 25978.731838390231 20504.508646473289 9826.1153625994921 30671.042721286416 7662.6403300315142 9961146.3898223191 1392060.1022198349 2695.1447569876909
leaf_count=461306 225416 47051939 767557 36202 265051 346894 191334 33270 73817 26435 467799 106875 272680 418379 44493 47088 456582 165187 44505 69431 59158 86757 457592 30755 30908 47637 10275 1826988 295701 17739
internal_value=0.0524102 0.00627584 -0.0232908 0.0463743 0.0187264 0.0597628 0.0509494 0.0200218 0.0282017 0.0274909 -0.0289643 0.0495753 0.0402437 0.0106738 0.0167036 0.0549514 0.0516648 -0.00351838 -0.0126758 0.0422826 0.040638 0.0293664 0.0135405 0.0414574 0.0440642 0.0374848 0.0198966 0.0600686 0.0584915 -0.0100005
internal_weight=1.45517e+07 2.00035e+06 1.15138e+06 848972 136975 1.25513e+07 420915 91956.4 105225 61344.8 1.01441e+06 757016 138505 71865.1 42456.4 359571 618511 24129.5 31749.9 54218.8 56930.6 27506 48294.2 73872.8 68664.3 48159.8 17488.8 1.21304e+07 2.16928e+06 23101.5
internal_count=54435750 51361970 49439362 1922608 1754437 3073780 604197 930694 942375 296344 47684925 991914 379555 897424 269909 307853 612359 632986 812062 116519 219732 145915 722643 155777 119575 88820 41183 2469583 642595 479045
is_linear=0
shrinkage=0.03


Tree=21
num_leaves=31
num_cat=0
split_feature=6 4 5 2 2 6 2 0 6 6 3 2 4 5 4 4 2 6 0 2 4 0 5 4 4 0 3 6 0 3
split_gain=5.10374e+06 2.47474e+06 296190 73917.3 41791.4 39011.1 30422.2 29403.6 19493.6 17761.3 15955.9 15710.1 12943.8 11809.3 10961.4 15449.5 10002.6 18588.2 9866.15 9386.26 8905.62 8897.37 8810.92 8632.61 8171.23 7699.8 7126.68 8550.63 7013.13 6890.29
threshold=56.152367219418416 1.0000000180025095e-35 52.062900218853862 89.022757697456498 90.366769774635472 64.310689310689312 94.360822556709792 87.138130686517798 49.878048780487809 49.878048780487809 5.5000000000000009 80.810147299509012 38.814749780509224 68.44476055002373 44.124551228942288 54.769487412799528 93.127066603684469 77.849927849927852 86.240703177822866 95.419580419580441 33.689931350114428 88.203668564199887 63.47680097680098 65.771449170872401 45.013089005235607 90.366769774635458 4.5000000000000009 94.008547008547026 89.687399291008717 5.5000000000000009
decision_type=2 2 2 2 2 2 2 2 2 2 2 2 2 2 2 2 2 2 2 2 2 2 2 2 2 2 2 2 2 2
left_child=1 3 9 7 25 6 13 11 12 -3 19 -1 -6 21 -10 -16 17 18 23 28 -11 -2 24 -7 -8 -4 -18 -28 -5 -26
right_child=5 2 4 10 8 16 22 -9 14 20 -12 -13 -14 -15 15 -17 26 -19 -20 -21 -22 -23 -24 -25 29 -27 27 -29 -30 -31
leaf_value=-0.005414810322492066 0.0048835616346471749 -0.029534169233618943 -0.014350957401251375 0.024419618772941593 0.036356010219690524 0.028367624144810866 0.055868079144826673 0.05452853069669928 0.061566971000296657 0.049341672705869165 0.038449705146679884 0.022450758351370573 0.00045804131712619988 0.048826135143290025 0.01780385023572793 0.051828114911683244 0.058862325924973993 0.056942754189862436 0.054363528643854332 0.051121980449961565 -0.0097458668418472002 0.036556542734909589 0.056600637814773452 0.048547736329358167 0.040334123528403071 0.10367360358885296 0.054494141331882934 0.058487818807977258 0.045006208146192245 0.0090810346443784776
leaf_weight=30620.192993592471 23676.048326618969 962618.85397591256 30867.30597348325 19055.508694227785 12945.316058265045 38983.249426618218 24868.47584567219 17285.569218367338 13388.989519186318 2569.436363613233 140582.76342369989 44919.392376545817 29962.076501088217 13141.132720518857 30891.026793964207 19655.161030706018 8639946.0682803541 1557412.7508595437 61937.840350471437 536993.81563002616 21475.116370962933 12042.609633345157 107248.82996877283 37386.566276729107 30284.027698077261 504.61472758464515 809313.56766457856 1196731.5921002775 68308.549437813461 8035.3291513323784
leaf_count=572940 217975 47051939 809749 78120 137304 87743 43004 23081 48503 42028 379555 334673 459794 30664 247206 49568 1472655 435585 29604 442185 590958 26800 64078 31270 50177 2313 310510 232042 92054 41673
internal_value=0.0508638 0.00613174 -0.0231364 0.0445141 0.0179937 0.0579243 0.0453812 0.0192327 0.0269327 -0.028898 0.0475819 0.0111552 0.0112895 0.0245107 0.0374303 0.0310354 0.0581472 0.0560066 0.0454651 0.0496381 -0.00342927 0.0155633 0.051364 0.0382474 0.0424749 -0.0124488 0.0584882 0.0568767 0.0405164 0.0337813
internal_weight=1.45437e+07 1.98264e+06 1.12488e+06 857766 138214 1.2561e+07 219296 92825.2 106843 986663 764941 75539.6 42907.4 48859.8 63935.2 50546.2 1.23417e+07 1.69572e+06 138308 624358 24044.6 35718.7 170437 76369.8 63187.8 31371.9 1.0646e+07 2.00605e+06 87364.1 38319.4
internal_count=54435750 51361970 49439362 1922608 1754437 3073780 474371 930694 942375 47684925 991914 907613 597098 275439 345277 296774 2599409 584202 148617 612359 632986 244775 198932 119013 134854 812062 2015207 542552 170174 91850
is_linear=0
shrinkage=0.03


Tree=22
num_leaves=31
num_cat=0
split_feature=6 4 5 1 3 6 1 4 1 5 6 3 3 7 4 6 3 1 6 1 7 6 1 7 6 3 5 1 7 4
split_gain=4.76586e+06 2.32692e+06 287778 49571.9 54971.9 39745.9 37516 20694.5 18491.3 17828.6 17740.7 14952.4 14746.7 12109.9 10674.2 10045.7 9469.88 27101.1 14029 8853.74 8617.91 8502.87 9763.83 8180.53 7791.3 7683.57 6979.47 5995.81 5507.86 6710.14
threshold=56.152367219418416 1.0000000180025095e-35 52.062900218853862 86.391694725028074 3.5000000000000004 64.310689310689312 87.226107226107246 59.663271080928133 88.185443668993031 57.821912650602414 49.878048780487809 2.5000000000000004 1.5000000000000002 46.500000000000007 40.546767966122808 44.405320813771525 4.5000000000000009 86.391694725028074 81.106578276389612 65.058139534883736 24.500000000000004 91.697994987468704 98.076211616722162 14.500000000000002 99.779735682819393 9.5000000000000018 65.470635559131139 96.684981684981707 10.500000000000002 42.260781181936991
decision_type=2 2 2 2 2 2 2 2 2 2 2 2 2 2 2 2 2 2 2 2 2 2 2 2 2 2 2 2 2 2
left_child=1 3 10 4 19 7 12 8 11 14 -3 -2 -4 -5 15 -8 -7 18 23 -1 -12 22 -19 -18 -20 27 28 -15 -11 -30
right_child=5 2 6 13 -6 16 9 -9 -10 26 20 -13 -14 25 -16 -17 17 21 24 -21 -22 -23 -24 -25 -26 -27 -28 -29 29 -31
leaf_value=-0.0074076609060296419 0.034999004544144723 -0.029483706206768649 0.019238396150926866 0.048233519114384324 -0.0068658369149328935 0.056876435491912743 0.010833734041745259 0.055404835108977805 0.042171057440849188 0.043809332614464083 -0.011046169565898363 -0.0082048420920765239 -0.021279955774563548 0.034647894163626111 0.0036186825259599976 0.071210140689956167 0.03290100672798333 0.045461096802490913 0.041185799615209281 0.04183993721840068 0.038667185755612607 0.056819378326027868 0.054507566325752793 -0.0060377529997944646 0.059194993696886633 0.023249880363195471 0.053879514660594895 0.044818794473656567 0.04118464756853716 0.0095112709834459883
leaf_weight=3465.1156376563013 15744.765362396836 935744.08097471111 11835.447116885334 489990.97353861108 35699.776343245059 9935269.2309779972 5301.2106653805822 83642.825895115733 108504.17428482696 17628.101165819913 20251.139783432707 13297.308792844415 25498.885051650926 73907.797666013241 32677.50724423863 4661.6503183655441 14001.71718005091 131001.4801671505 82796.598485082388 63098.636586792767 3712.7856838144362 1530783.1695020646 597000.29316444695 7432.2352356053889 29279.855100184679 21771.515040680766 16552.694708056748 177637.10512723774 9914.0810135602951 15329.524327337742
leaf_count=69877 63470 47051939 173403 534595 583548 1853436 98985 64548 187840 65433 568050 158513 699894 169895 520556 30550 35994 107087 76983 286611 64936 302743 181952 35145 6069 78643 31167 199439 41728 92721
internal_value=0.0494399 0.00599274 -0.0229805 0.0427831 0.023168 0.0562421 0.0172975 0.0436369 0.0364802 0.0267102 -0.028831 0.0152174 -0.00843456 0.045411 0.0119075 0.0390898 0.0564683 0.0547733 0.0416384 0.039276 -0.00334205 0.0555497 0.0528798 0.0193986 0.0458913 0.0403507 0.0373314 0.0418306 0.0309407 0.0219523
internal_weight=1.45134e+07 1.96468e+06 1.09911e+06 865571 102264 1.25488e+07 139399 221189 137546 102065 959708 29042.1 37334.3 763307 42640.4 9962.86 1.23276e+07 2.3923e+06 133510 66563.8 23963.9 2.25878e+06 728002 21434 112076 273316 59424.4 251545 42871.7 25243.6
internal_count=54435750 51361970 49439362 1922608 940036 3073780 1754437 474371 409823 881140 47684925 221983 873297 982572 650091 129535 2599409 745973 154191 356488 632986 591782 289039 71139 83052 447977 231049 369334 199882 134449
is_linear=0
shrinkage=0.03


Tree=23
num_leaves=31
num_cat=0
split_feature=6 4 5 2 6 2 2 1 5 1 6 3 1 4 3 6 1 2 2 3 2 6 4 4 6 3 5 1 1 3
split_gain=4.46488e+06 2.18975e+06 279992 67814.8 41070.4 39493.9 39290.5 21883.2 17897.7 16854.2 16286.5 15880.2 14058.6 13071.7 12560.1 10907 10478.5 9994.69 9135.15 8077.58 8008.23 12069.8 7952.89 7882.84 7788.21 6762.47 6453.31 6346.36 6665.21 8452.63
threshold=56.152367219418416 1.0000000180025095e-35 51.736194839643119 89.022757697456498 69.006568144499184 90.366769774635472 94.360822556709792 77.015755329008357 61.00492847698041 82.807881773399018 49.878048780487809 5.5000000000000009 84.680573663624514 40.546767966122808 5.5000000000000009 44.405320813771525 94.957627118644083 79.337712096332794 94.360822556709792 5.5000000000000009 94.957627118644083 91.697994987468704 62.258652094717682 31.175813433877952 47.925275482093667 4.5000000000000009 63.47680097680098 85.145784081954318 92.403846153846175 3.5000000000000004
decision_type=2 2 2 2 2 2 2 2 2 2 2 2 2 2 2 2 2 2 2 2 2 2 2 2 2 2 2 2 2 2
left_child=1 3 10 7 6 26 9 -1 13 17 -3 18 -13 15 -8 -7 19 -2 27 -9 21 -6 -11 -12 -15 -19 -4 -5 -29 -30
right_child=4 2 5 11 20 8 14 16 -10 22 23 12 -14 24 -16 -17 -18 25 -20 -21 -22 -23 -24 -25 -26 -27 -28 28 29 -31
leaf_value=-0.0088532464588794695 -0.015842004207982565 -0.029498174905818596 -0.018035335148940002 0.0050478939592120643 0.050284436614916238 0.014033301222736586 0.052686255026414906 0.025352141507016864 0.039882193572338631 0.028390989456865807 0.068629627043327326 -0.0021860901145478633 0.037453505228721588 -0.008660355674886943 0.036795529256642215 0.062731797893111327 0.048106636413873805 0.035891466729733527 0.047466877220970254 -0.0017964737606308331 0.055373155461311357 0.055036960491261028 0.050819469441075883 -0.0080394953281533611 0.0158293635085268 -0.013308728552694053 0.022530906052909649 0.052776202323028612 0.01631091178522347 0.042056302139938329
leaf_weight=22157.867649383843 10435.658372469246 906611.26436359063 28663.004498630762 5397.6175461150706 750584.70495196432 8267.2300716023892 286866.99258501828 46161.26610577479 42135.858694292605 43788.189259845763 1278.4904203079641 8558.6550031937659 135910.90052055568 17264.8265693672 53064.627212677151 8292.1147524937987 14405.084408961236 9899.414849255234 556380.27806575596 12542.182940239087 9997370.0206850022 1340285.591353327 21086.987551607192 21278.29718608968 36168.651834109798 3369.0467956438661 4023.7699648030102 21444.719357684255 17962.128699466586 31809.418881103396
leaf_count=459900 114603 46927359 841237 36202 338618 138649 153094 277413 116376 127769 15583 106875 272680 346004 108454 46432 25072 41666 456582 168309 1844165 286800 15924 586913 375532 42687 45277 30755 41183 47637
internal_value=0.0481229 0.00585746 -0.0228245 0.0411535 0.0546964 0.0159757 0.0455685 0.0172631 0.0244345 0.027772 -0.0288717 0.0440808 0.0351051 0.0151342 0.0502058 0.0384224 0.0251788 0.00612196 0.0461293 0.0195516 0.0550199 0.0533309 0.035682 -0.00369047 0.00791623 0.0233977 -0.0130406 0.0364152 0.0387922 0.0327658
internal_weight=1.44635e+07 1.94671e+06 1.07398e+06 872730 1.25168e+07 144815 428511 95266.4 112129 88579.3 929168 777464 144470 69992.8 339932 16559.3 73108.5 23704.1 632994 58703.4 1.20882e+07 2.09087e+06 64875.2 22556.8 53433.5 13268.5 32686.8 76613.9 71216.3 49771.5
internal_count=54435750 51361970 49439362 1922608 3073780 1909507 604197 930694 1022993 342649 47529855 991914 379555 906617 261548 185081 470794 198956 612359 445722 2469583 625418 143693 602496 721536 84353 886514 155777 119575 88820
is_linear=0
shrinkage=0.03


Tree=24
num_leaves=31
num_cat=0
split_feature=6 4 5 0 1 6 0 3 1 6 6 3 4 7 0 4 3 1 6 1 3 0 1 7 1 4 4 1 3 1
split_gain=4.19508e+06 1.99941e+06 345796 47043.9 40293.1 31060.6 27727.4 22074 25686.8 19713.1 19508.5 17287.6 10841.4 9944.89 9750.73 8681.74 8358.62 22655.5 15034.6 10345.1 8568.08 10049.6 8207.52 8102.69 11480.2 7888.06 14169.1 7600.43 24333.5 7089.31
threshold=57.416574990832423 1.0000000180025095e-35 51.736194839643119 86.391694725028074 87.226107226107246 69.006568144499184 58.499061913696067 5.5000000000000009 96.922348484848484 49.878048780487809 49.878048780487809 1.5000000000000002 38.814749780509224 29.500000000000004 71.516754850088205 59.663271080928133 4.5000000000000009 95.603864734299535 99.779735682819393 81.302966101694935 7.5000000000000009 81.530214424951296 88.185443668993031 44.500000000000007 87.841832963784199 43.97534439864841 55.891487029594451 97.467948717948744 2.5000000000000004 85.867895545314909
decision_type=2 2 2 2 2 2 2 2 2 2 2 2 2 2 2 2 2 2 2 2 2 2 2 2 2 2 2 2 2 2
left_child=1 3 9 6 11 7 -1 15 -9 -3 12 -4 -6 -11 -12 22 -7 18 19 20 -18 -22 -2 -5 -25 -16 -27 28 -8 -30
right_child=5 2 4 23 10 16 27 8 -10 13 14 -13 -14 -15 25 -17 17 -19 -20 -21 21 -23 -24 24 -26 26 -28 -29 29 -31
leaf_value=-0.0082368895128653447 0.029236311986383531 -0.029448816682854099 0.019777527815806262 0.046937033266940112 0.033006445509520262 0.053987523022313452 0.037947206581959346 0.001997295510585946 0.041945647639571676 -0.0098988889328488483 -0.0036715766650988889 -0.020325517881796054 3.9751801642305569e-05 0.046169006349306457 0.055909760933024542 0.052820768806599389 0.042300334948833285 0.053320106310415921 0.055835731586695365 0.044841916224553392 0.027113754881388809 -0.020142533685565147 0.04652249841365811 -0.0022792758921458722 0.040809806869663019 0.021781159029226012 0.051566958748629384 0.037274478491529532 0.0014877830105769765 0.022233934631743901
leaf_weight=16543.210485439748 30766.691424869001 881269.41290684417 14474.20942927897 389510.68809106201 12807.727423910052 9694721.8037108481 78701.519076064229 21075.858584884554 46336.856670387089 22392.683168841526 5547.9023234955966 29167.61508018896 30022.092669848353 3260.865733128041 16511.318752098829 177522.61282031983 28365.298655427992 1946905.4764455408 95180.76820923388 243557.28985521197 23606.581390358508 4887.7597625330091 126047.2651283592 5718.3326401263475 206359.60992705077 39652.460878161713 22550.771728366613 121994.82117897272 27856.903545308858 31689.579815704376
leaf_count=304288 106279 46927359 197665 285716 133576 1781184 276928 145893 59735 585580 55478 798995 487663 43244 44118 70882 27556 429080 17052 162788 37194 14729 107322 27037 229161 245756 34014 206526 408685 184267
internal_value=0.0469028 0.00606235 -0.0213208 0.0396581 0.0178456 0.0533249 0.0294222 0.0451185 0.0294567 -0.0286942 0.0263858 -0.00702448 0.00989892 -0.0027699 0.0347656 0.0482763 0.0535988 0.0519901 0.0454443 0.0421518 0.0306279 0.0190067 0.0431313 0.0443675 0.0396479 0.0374749 0.0325804 0.0318162 0.0269993 0.012529
internal_weight=1.4395e+07 1.95603e+06 1.07766e+06 878375 170734 1.2439e+07 276786 401749 67412.7 906923 127092 43641.8 42829.8 25653.5 84262.5 334337 1.20372e+07 2.3425e+06 395598 300417 56859.6 28494.3 156814 601589 212078 78714.6 62203.2 260243 138248 59546.5
internal_count=54435750 51476056 49553448 1922608 1997265 2959694 1380694 490111 205628 47556183 1000605 996660 621239 628824 379366 284483 2469583 688399 259319 242267 79479 51923 213601 541914 256198 323888 279770 1076406 869880 592952
is_linear=0
shrinkage=0.03


Tree=25
num_leaves=31
num_cat=0
split_feature=6 4 6 2 2 6 2 0 7 3 1 2 7 6 0 3 2 2 6 4 4 1 0 3 1 3 1 6 2 4
split_gain=3.95158e+06 1.88443e+06 305887 61967.5 45769.2 31958.7 31806.4 24326.6 17016 15601.1 13315.7 12758 11814.4 15108.3 11117.1 10177.8 8813.62 8640.96 12554.7 8409.08 13967.3 7242.69 9654.17 9180.45 6924.19 6796.04 22964.1 9502.25 7911.98 6770.72
threshold=57.416574990832423 1.0000000180025095e-35 47.925275482093667 89.022757697456498 93.063352044907788 69.006568144499184 94.360822556709792 87.138130686517798 48.500000000000007 5.5000000000000009 82.807881773399018 77.849927849927852 41.500000000000007 42.080668962124946 84.028985507246389 5.5000000000000009 78.611556982343515 94.957627118644083 90.219990435198483 37.745475548710054 53.740671641791053 96.590468810538582 80.982519590114535 5.5000000000000009 92.031746031746039 4.5000000000000009 97.100840336134453 99.779735682819393 99.504950495049513 49.28556848336396
decision_type=2 2 2 2 2 2 2 2 2 2 2 2 2 2 2 2 2 2 2 2 2 2 2 2 2 2 2 2 2 2
left_child=1 3 12 7 14 6 10 11 -5 19 16 -1 29 -14 -4 -8 -2 18 -7 -6 -21 23 -23 -10 -11 -19 27 28 -27 -3
right_child=5 2 4 8 9 17 15 -9 21 24 -12 -13 13 -15 -16 -17 -18 25 -20 20 -22 22 -24 -25 -26 26 -28 -29 -30 -31
leaf_value=-0.010091306694532315 -0.016555794136962884 -0.029414617846626946 -0.017167926186410349 0.044272302633884313 0.057741373105523318 0.047049936904072866 0.050262823639397457 0.04706738495506671 0.031201061301972737 -0.021671666392110808 0.03427651613996352 0.016293914807585651 -0.021719377192134608 0.019555678727557677 0.01610580441691584 0.03546549532055563 0.022493946410178003 0.053040538998276612 0.05209275011672674 0.019865726846686523 0.046663217923311941 0.022857114265319656 0.041207780321875526 -0.00014584805760880354 0.015667716570797418 0.055667580454598339 0.051989766174841669 0.054143034355993172 0.032391904671754096 -0.0052715764096963992
leaf_weight=23424.721699504182 8661.9634096063673 792589.12206423283 32791.712910700589 512225.71283665672 11604.343549866229 644851.13342256099 270429.65523870289 18064.187103301287 74032.075696300715 5687.7331494186074 60802.22358821705 55727.787304099649 84940.609456608072 8808.0814359802753 12473.830496590585 49512.50759492442 13018.461386252195 7982671.0517515242 1430529.1438976526 45120.076345615089 28607.149728242308 30789.422006756067 159554.99226024747 9484.7576448395848 20854.3967033308 15181.009328320622 1767321.0808701813 31486.865317940712 98145.262176930904 10596.030737442896
leaf_count=479289 87374 42967794 980443 521677 85160 304833 126299 23081 148217 141164 116490 428324 4016913 196967 162524 87319 72629 1342712 320585 467305 50585 76420 163564 82036 266315 3728 385861 6144 105720 218278
internal_value=0.0457685 0.00592931 -0.0211554 0.0382503 0.0174548 0.0520068 0.0436906 0.0156548 0.0410447 0.0277536 0.0270788 0.00848514 -0.0279198 -0.0178411 -0.0079982 0.047973 0.0068917 0.0522864 0.0505259 0.0340017 0.0302642 0.0350076 0.0382397 0.0276409 0.00766515 0.0526556 0.0510486 0.0395622 0.0355105 -0.0290961
internal_weight=1.431e+07 1.93738e+06 1.05407e+06 883304 157139 1.23726e+07 402425 97216.7 786087 111874 82482.6 79152.5 896934 93748.7 45265.5 319942 21680.4 1.19702e+07 2.07538e+06 85331.6 73727.2 273861 190344 83516.8 26542.1 9.89481e+06 1.91213e+06 144813 113326 803185
internal_count=54435750 51476056 49553448 1922608 2153496 2959694 490111 930694 991914 1010529 276493 907613 47399952 4213880 1142967 213618 160003 2469583 625418 603050 517890 470237 239984 230253 407479 1844165 501453 115592 109448 43186072
is_linear=0
shrinkage=0.03


Tree=26
num_leaves=31
num_cat=0
split_feature=6 4 5 2 2 6 2 0 6 6 7 5 1 2 4 3 2 6 4 2 3 1 3 0 4 4 3 1 6 2
split_gain=3.73145e+06 1.77758e+06 329301 58262.9 40252 32881.6 30571.8 22577.8 16648.9 16333.2 16199.7 12838 12382.5 11949 10513.4 10020.9 8858.27 12538.1 8723.64 8245.38 7739.03 8075.41 7293.28 7260.67 7001.29 10848.5 6824.49 22585.1 9171.97 7520.83
threshold=57.416574990832423 1.0000000180025095e-35 51.176633444075314 89.022757697456498 94.360822556709792 69.006568144499184 94.360822556709792 87.138130686517798 51.176633444075314 49.878048780487809 45.500000000000007 63.47680097680098 82.807881773399018 73.746867167919817 38.814749780509224 5.5000000000000009 94.957627118644083 90.219990435198483 34.365414110429455 78.611556982343515 12.500000000000002 96.684981684981707 5.5000000000000009 88.774341351660951 43.500788465870691 55.891487029594451 4.5000000000000009 97.100840336134453 99.779735682819393 99.504950495049513
decision_type=2 2 2 2 2 2 2 2 2 2 2 2 2 2 2 2 2 2 2 2 2 2 2 2 2 2 2 2 2 2
left_child=1 3 9 7 11 6 12 13 14 -3 -5 23 19 -1 -6 -8 17 -7 -11 -2 21 22 -12 -4 -10 -26 -18 28 29 -28
right_child=5 2 4 10 8 16 15 -9 24 18 20 -13 -14 -15 -16 -17 26 -19 -20 -21 -22 -23 -24 -25 25 -27 27 -29 -30 -31
leaf_value=-0.015379873557702305 -0.016245129281496143 -0.029420237384654952 -0.018074285777704716 0.042964927029000489 0.034696364899649688 0.04580415318259351 0.048843722039452385 0.045183453579197869 0.05438760003527604 0.038953782532696067 0.030616240542779626 0.026441053060384936 0.033028098284891942 0.013921607859424397 0.0048023682664844808 0.034195550202921227 0.051832316875864891 0.050854749893868574 -0.011849906258780267 0.021568830061100931 0.013887115667054991 0.038770779562614321 0.0014104846223170014 0.011542087485087702 0.0202132600006198 0.047392935762298152 0.054140278051442205 0.050768497274474064 0.052803652577411098 0.031421569814676954
leaf_weight=15572.718028785661 8564.2964552342892 829894.88023211993 35777.411532761529 493493.62954884022 14607.030476989225 642551.838394247 269944.77705506235 18249.952764473855 13882.354181490839 3581.0484082680196 81853.041444901377 9509.1836540102959 61201.211016185582 63988.497332654893 38483.618405049667 49806.158134885132 7924551.4270680547 1421526.7259048074 20171.240086693317 13167.250780601054 16142.403014134616 189559.60452052951 8495.1941375546157 9407.841341631487 34642.837214803323 21374.670919317752 15141.566528990865 1755712.6139585972 31319.459491461515 98140.791101872921
leaf_count=359968 87374 46753667 1056297 494695 146943 304833 126299 23081 33337 52988 158498 68233 116490 547645 579216 87319 1342712 320585 534908 72629 61159 208229 69333 99902 197279 30678 3728 385861 6144 105720
internal_value=0.0447103 0.00580028 -0.0209842 0.0369307 0.016172 0.050784 0.0423523 0.0150897 0.0256939 -0.0287182 0.0396363 -0.0052396 0.0261205 0.00818604 0.013028 0.0465622 0.0510696 0.0492825 -0.00418847 0.00666578 0.0340876 0.0352525 0.0278703 -0.0119075 0.0353133 0.0305852 0.051445 0.0498298 0.0384326 0.0344588
internal_weight=1.42103e+07 1.91869e+06 1.03133e+06 887355 177685 1.22916e+07 402684 97811.2 122991 853647 789544 54694.4 82932.8 79561.2 53090.6 319751 1.18889e+07 2.06408e+06 23752.3 21731.5 296050 279908 90348.2 45185.3 69899.9 56017.5 9.82487e+06 1.90031e+06 144602 113282
internal_count=54435750 51476056 49553448 1922608 2211885 2959694 490111 930694 987453 47341563 991914 1224432 276493 907613 726159 213618 2469583 625418 587896 160003 497219 436060 227831 1156199 261294 227957 1844165 501453 115592 109448
is_linear=0
shrinkage=0.03


Tree=27
num_leaves=31
num_cat=0
split_feature=6 6 6 2 2 6 2 0 3 3 7 6 1 1 1 2 3 2 2 6 2 7 1 3 1 6 2 1 6 1
split_gain=3.53108e+06 1.67817e+06 288835 54896.8 39790.9 33833.6 29456.9 21001.4 15836.8 15087 12111.1 14257.3 11590.2 11530 11451 11162.3 9890.28 9393.71 9105.31 12452.6 7744.48 7466.75 11409.9 6820.27 21628.4 8988.46 7599.08 6180.92 5995.32 5890.69
threshold=57.416574990832423 1.0000000180025095e-35 47.925275482093667 89.022757697456498 94.360822556709792 69.006568144499184 94.360822556709792 86.706827309236971 5.5000000000000009 5.5000000000000009 41.500000000000007 42.080668962124946 86.391694725028074 82.807881773399018 83.6786469344609 80.810147299509012 5.5000000000000009 94.360822556709792 94.360822556709792 83.405797101449295 80.735492577597853 21.500000000000004 87.007672634271117 4.5000000000000009 97.100840336134453 99.779735682819393 99.504950495049513 92.031746031746039 44.405320813771525 89.699381078691445
decision_type=2 2 2 2 2 2 2 2 2 2 2 2 2 2 2 2 2 2 2 2 2 2 2 2 2 2 2 2 2 2
left_child=1 3 10 7 12 6 13 15 17 -6 28 -12 -4 20 -10 29 -8 -5 19 21 -2 -7 -23 -20 25 26 -25 -11 -3 -1
right_child=5 2 4 8 9 18 16 -9 14 27 11 -13 -14 -15 -16 -17 -18 -19 23 -21 -22 22 -24 24 -26 -27 -28 -29 -30 -31
leaf_value=-0.011633348477655474 -0.013081127955504646 -0.029748293383950852 -0.019201015858866965 0.030709147302417725 0.032938370885963214 0.044204897942371466 0.047517838881339709 0.042291752661340651 -0.005387694098362328 -0.021734092770880616 -0.021305197611451457 0.018640267172143531 0.0097213565818766012 0.031847298613782563 0.031510943849094059 0.016776593712030947 0.032994267337272953 0.041729442910423464 0.050693924696883733 0.049024863086774395 0.022833912501029514 0.0084865172692399661 0.041677870978735404 0.050998251282429401 0.049632770695821782 0.051591734234135912 0.030495392594192858 0.014229019872339134 -0.019739116436935617 0.025646768870751561
leaf_weight=26752.445061862469 9935.7583033666015 701845.39424392022 26796.750968972221 79477.976308468729 81964.092172624543 227931.16630176455 269163.97785951197 19652.319129809737 7993.1145170256495 5405.9218142107129 81345.82151995413 8922.6849355250597 23321.347908675671 61560.633962661028 142497.15542479604 47525.636220224202 50066.881478443742 562342.00577177107 7958103.5062354952 1671517.7057061493 11843.130333874375 14142.722775228322 27351.625223949552 19511.04462569952 1745102.327480197 33126.650551080704 98088.502639397979 21026.618287352845 58354.565549856052 4447.8569291718304
leaf_count=544592 97826 40493586 847424 155777 549505 116842 126299 26688 98820 135591 4016913 196967 358530 116490 280735 331193 87319 456582 1365643 434944 62177 30414 17122 5921 386511 6466 105720 262446 2692486 28221
internal_value=0.0437213 0.00567564 -0.0208167 0.0356865 0.0163622 0.0496466 0.0410937 0.0145497 0.0383109 0.0265825 -0.0277463 -0.0173564 -0.00574241 0.0252103 0.029551 0.00762384 0.0452402 0.0403648 0.0499386 0.04806 0.00644856 0.0420737 0.0303659 0.0503086 0.048691 0.0377868 0.0338976 0.00687282 -0.02898 -0.00631763
internal_weight=1.40971e+07 1.89967e+06 1.00898e+06 890689 158515 1.21974e+07 402570 98378.3 792310 108397 850468 90268.5 50118.1 83339.5 150490 78725.9 319231 641820 1.17949e+07 1.94094e+06 21778.9 269426 41494.3 9.85393e+06 1.89583e+06 150726 117600 26432.5 760200 31200.3
internal_count=54435750 51476056 49553448 1922608 2153496 2959694 490111 930694 991914 947542 47399952 4213880 1205954 276493 379555 904006 213618 612359 2469583 599322 160003 164378 47536 1870261 504618 118107 111641 398037 43186072 572813
is_linear=0
shrinkage=0.03


Tree=28
num_leaves=31
num_cat=0
split_feature=6 4 6 2 2 6 2 1 7 3 7 6 4 3 1 1 2 6 1 4 4 4 3 1 6 4 1 3 2 3
split_gain=3.34875e+06 1.58553e+06 280173 51803.7 36886.1 34816.1 28445 16546.8 15700.6 12873.8 12250.3 13724 11766 9781.2 9671.98 9608.65 9353.98 12937.5 8728.31 7654.03 11991 7251.93 7001.6 22547.7 8715.15 6945.32 6530.85 9668.33 6389.24 6265.64
threshold=57.416574990832423 1.0000000180025095e-35 47.925275482093667 89.022757697456498 92.907444668008068 69.006568144499184 94.360822556709792 77.015755329008357 48.500000000000007 5.5000000000000009 41.500000000000007 39.913419913419922 62.258652094717682 5.5000000000000009 84.273937856689926 88.185443668993031 95.419580419580441 93.039405684754527 94.957627118644083 55.891487029594451 39.296036333608598 30.449179383818031 4.5000000000000009 97.100840336134453 99.779735682819393 49.28556848336396 86.391694725028074 1.0000000180025095e-35 99.504950495049513 5.5000000000000009
decision_type=2 2 2 2 2 2 2 2 2 2 2 2 2 2 2 2 2 2 2 2 2 2 2 2 2 2 2 2 2 2
left_child=1 3 10 7 14 6 12 -1 -5 19 25 -12 15 -8 -4 -2 17 -7 29 20 -6 -13 -18 24 28 -3 27 -10 -24 -9
right_child=5 2 4 8 9 16 13 18 26 -11 11 21 -14 -15 -16 -17 22 -19 -20 -21 -22 -23 23 -25 -26 -27 -28 -29 -30 -31
leaf_value=-0.0088459436281393706 0.0030284339676091591 -0.029263260369975189 -0.021547281858970545 0.040165599888748647 0.048979534710353191 0.044291272213755714 0.046275267892644606 0.020557817044957544 0.034857197583120954 0.0065407999223984136 -0.022207033980696757 0.060387932816749125 0.040749296810187026 0.031855574875882274 0.0066400094760663492 0.027796420739934703 0.049682475873917775 0.049058230809709426 0.041204439013876333 0.04614566868305385 0.018592878977701861 0.00088291032889342193 0.052675594853587242 0.048573553965804352 0.050406589773976058 -0.004472146316576461 0.032797831760109794 -0.0017674985191057124 0.029609868891619446 -0.0029280509775284429
leaf_weight=22079.970089735463 25669.082725245506 728993.83331704512 22253.036048676819 516125.34261399135 15003.682081785053 877274.23999729753 268115.20975553989 48926.503276593983 13298.228711925447 27077.642079269513 74874.750039784238 2186.2046834304929 26765.379946447909 50297.252180695534 21578.422963030636 31273.026979595423 7712957.65657866 1232908.9090815187 14936.223287209868 20706.288957796991 52901.879157619551 11725.753410808742 12151.951368257403 1725951.7809677571 29959.486575365067 10316.257188526914 252174.31312929094 12662.777320548892 97992.711628571153 12922.165415761992
leaf_count=459900 179295 42967794 753861 521677 116658 381966 126299 277413 19357 408675 3833655 28455 35237 87319 384098 61961 1327131 260629 25072 24572 465632 351770 2563 385583 5991 218278 352043 98837 105720 168309
internal_value=0.042794 0.00555444 -0.0206397 0.03452 0.015766 0.0485864 0.0399065 0.0140406 0.0370691 0.0246455 -0.0276528 -0.0171229 0.0243439 0.0439977 -0.00767038 0.0166317 0.048885 0.0470765 0.0206221 0.0301776 0.0253076 0.0102386 0.0492834 0.0476339 0.0360585 -0.0289174 0.0313227 0.0169931 0.0321552 0.0156507
internal_weight=1.39721e+07 1.88074e+06 987618 893126 159521 1.20913e+07 402120 98864.9 794261 115689 828097 88786.7 83707.5 318412 43831.5 56942.1 1.16892e+07 2.11018e+06 76784.9 88611.9 67905.6 13912 9.57901e+06 1.86606e+06 140104 739310 278135 25961 110145 61848.7
internal_count=54435750 51476056 49553448 1922608 2153496 2959694 490111 930694 991914 1015537 47399952 4213880 276493 213618 1137959 241256 2469583 642595 470794 606862 582290 380225 1826988 499857 114274 43186072 470237 118194 108283 445722
is_linear=0
shrinkage=0.03


Tree=29
num_leaves=31
num_cat=0
split_feature=6 4 6 0 6 1 0 3 1 3 0 7 6 4 3 1 6 1 4 4 3 0 7 1 3 4 4 3 1 3
split_gain=3.18221e+06 1.49864e+06 271840 41976.5 35785.4 34502.2 22051.7 20242.1 24822.5 14893.2 13552.2 12378.6 13267.2 9605.94 9575 24830.3 14738.4 10182.8 9154.69 13959.2 7756.48 9153.52 7525.52 10906.7 7134.9 6953.01 6503.63 6179.05 20658.8 6573.04
threshold=57.416574990832423 1.0000000180025095e-35 47.925275482093667 86.391694725028074 69.006568144499184 87.226107226107246 55.351882160392812 4.5000000000000009 90.366769774635458 1.5000000000000002 77.84992784992788 41.500000000000007 39.913419913419922 59.663271080928133 4.5000000000000009 95.603864734299535 99.779735682819393 81.302966101694935 55.891487029594451 39.296036333608598 7.5000000000000009 81.661396953147474 49.500000000000007 93.643953676272574 2.5000000000000004 49.28556848336396 30.449179383818031 1.5000000000000002 89.009661835748801 4.5000000000000009
decision_type=2 2 2 2 2 2 2 2 2 2 2 2 2 2 2 2 2 2 2 2 2 2 2 2 2 2 2 2 2 2
left_child=1 3 11 6 7 9 -1 13 -9 -4 -7 25 -13 -2 -6 16 17 20 19 -12 -16 -22 -5 24 -24 -3 -14 -8 29 -29
right_child=4 2 5 22 14 10 27 8 -10 -11 18 12 26 -15 15 -17 -18 -19 -20 -21 21 -23 23 -25 -26 -27 -28 28 -30 -31
leaf_value=-0.018124433398780251 0.036743451138275811 -0.029209801983869882 0.017546237131004842 0.040144213057273247 0.048326412273573136 -0.0025393432268130444 0.033163767863632232 -0.0058485584530394655 0.034175520408870237 -0.021003221308991973 0.045711484238472058 -0.022003819534325311 0.056278836326208406 0.047168343495648454 0.035750821730590347 0.047584099902016383 0.049754955174993551 0.038729593861054457 0.044083866745516717 0.015837747253031956 0.021248231414587117 -0.024093521679791605 0.028280103078612052 0.035356644717242876 -0.0083179341413484164 -0.0043544361177676226 0.00085578998368151052 0.017727610566979302 0.028127815888292253 -0.0048512981434237221
leaf_weight=10770.788038669154 151789.39316156507 708724.13322124444 13357.327688751742 416564.25249303877 9307762.4971106946 15750.292512675747 72357.714993476868 17794.165468260646 64468.665037684143 27769.011417193338 18178.048656934872 73322.845160631463 2274.1145353429019 167271.1420281902 28506.026087149978 1875236.5841809064 92128.355724602938 240864.33768446743 22869.164888426661 62418.077117931098 23985.898621886969 4809.6474556475878 10499.813038751483 170522.80254435539 8820.2867431566119 10277.893272867426 11734.32583261095 21329.545055225492 158915.78735354915 25444.981590483338
leaf_count=228673 193904 42967794 212296 309997 1781184 260958 201323 144367 87648 868922 155097 3833655 28455 64192 27556 429080 17052 162788 32480 623743 37462 14461 17323 178257 36337 218278 351770 223658 354357 372683
internal_value=0.0419221 0.00543622 -0.0204648 0.0334045 0.0475952 0.0152106 0.0239912 0.0387878 0.0255178 -0.00848235 0.0233843 -0.027559 -0.0168928 0.042209 0.0479006 0.0461512 0.0392663 0.0360253 0.0273307 0.0225763 0.0246572 0.0136738 0.0378877 0.0329362 0.0115715 -0.0288545 0.00985755 0.0256227 0.0229697 0.0054447
internal_weight=1.38365e+07 1.8619e+06 966675 895226 1.19746e+07 160342 288819 401323 82262.8 41126.3 119216 806333 87331.3 319061 1.15733e+07 2.26553e+06 390294 298166 103465 80596.1 57301.6 28795.5 606407 189843 19320.1 719002 14008.4 278048 205690 46774.5
internal_count=54435750 51476056 49553448 1922608 2959694 2153496 1380694 490111 232015 1081218 1072278 47399952 4213880 258096 2469583 688399 259319 242267 811320 778840 79479 51923 541914 231917 53660 43186072 380225 1152021 950698 596341
is_linear=0
shrinkage=0.03


Tree=30
num_leaves=31
num_cat=0
split_feature=6 4 5 2 6 2 2 1 5 6 3 4 4 2 6 3 1 6 1 2 4 1 5 4 1 3 1 6 2 1
split_gain=3.02906e+06 1.41752e+06 302819 48392 36871.3 32519.1 27885.7 16894 16785.6 15456.9 15371 14802 10900.5 10169.5 13383.7 9610.5 8992.71 8881.54 8727.94 7924.06 7916.71 7910.86 7672.14 7542.63 7434.12 7156.91 21356.8 8411.61 6993.79 6516.5
threshold=57.416574990832423 1.0000000180025095e-35 51.176633444075314 90.366769774635472 69.006568144499184 90.366769774635472 94.360822556709792 77.015755329008357 62.668584786908845 49.878048780487809 5.5000000000000009 41.277122469783031 62.258652094717682 94.360822556709792 91.697994987468704 5.5000000000000009 83.6786469344609 42.080668962124946 88.185443668993031 95.419580419580441 52.839964805943886 95.293466223698786 63.47680097680098 31.175813433877952 86.706827309236971 4.5000000000000009 97.100840336134453 99.779735682819393 99.504950495049513 92.907444668008068
decision_type=2 2 2 2 2 2 2 2 2 2 2 2 2 2 2 2 2 2 2 2 2 2 2 2 2 2 2 2 2 2
left_child=1 3 9 7 6 22 12 -1 11 -3 19 17 18 14 -6 -8 -12 -7 -2 24 -13 -9 -4 -11 -5 -15 27 28 -27 -26
right_child=4 2 5 10 13 8 15 21 -10 23 16 20 -14 25 -16 -17 -18 -19 -20 -21 -22 -23 -24 -25 29 26 -28 -29 -30 -31
leaf_value=-0.0089540339984740015 0.0021565213795581065 -0.029230631256521162 -0.016241015653540046 -0.0021435460224245367 0.041631240013670662 0.0098032271832373986 0.044095371553778406 0.015850453119502284 0.036973466272366161 0.05541196060737219 -0.0052488960053744399 0.001375478874832236 0.038180230902048508 0.047778767236075034 0.046876909039575296 0.029824770258846348 0.028125993648644654 0.047505520316415938 0.025629467628995057 0.038387088637982042 0.022878583976439777 0.038899861235511216 0.021997187951560082 -0.0095092244128672874 0.045431620043754471 0.047626646993016712 0.046655138112560245 0.048371199907329694 0.027807382261183761 0.025609751378102195
leaf_weight=22749.385237284005 25980.265438418835 743918.4811251685 30773.331524675712 6605.5901252515614 688056.5940887183 8568.9790659677237 265321.54520529509 76269.282794652507 43397.953522335738 1734.2220310159028 7652.4449195414782 51549.110071768984 26869.966074008495 7711803.1256186813 1204153.9802931249 50586.586458910257 143483.76731943712 16367.26437427476 31597.475441746414 548614.0809770599 21979.761647410691 16259.68603553623 5577.2445979826152 22422.503902871162 20581.540751188993 19177.700892165303 1695105.3222920299 32257.937334701419 97606.379619821906 54385.377000808716
leaf_count=469145 179295 46753667 973789 34873 326106 158343 126299 481286 86888 16111 92869 731794 35237 1365643 273216 87319 271294 95112 61961 442185 112001 25005 53958 571785 21517 5921 386511 6466 105720 84434
internal_value=0.0411012 0.00532175 -0.0202891 0.0323519 0.0466663 0.0149424 0.0377167 0.0142068 0.0214294 -0.0284637 0.035029 0.014578 0.0224024 0.0469792 0.0449695 0.0418104 0.026436 0.0345512 0.0150385 0.0370898 0.00780376 0.0199014 -0.0103733 -0.00484578 0.0283641 0.0473772 0.0456978 0.0348091 0.0310625 0.0310524
internal_weight=1.36914e+07 1.84289e+06 946289 896601 1.18485e+07 178214 400356 115278 141863 768075 781323 98465.1 84447.7 1.14482e+07 1.89221e+06 315908 151136 24936.2 57577.7 630187 73528.9 92529 36350.6 24156.7 81572.5 9.55595e+06 1.84415e+06 149042 116784 74966.9
internal_count=54435750 51476056 49553448 1922608 2959694 2211885 490111 975436 1184138 47341563 947172 1097250 276493 2469583 599322 213618 364163 253455 241256 583009 843795 506291 1027747 587896 140824 1870261 504618 118107 111641 105951
is_linear=0
shrinkage=0.03


Tree=31
num_leaves=31
num_cat=0
split_feature=6 4 5 0 6 5 0 4 4 3 6 6 0 3 6 3 0 7 7 0 5 3 0 7 4 0 3 6 0 0
split_gain=2.88748e+06 1.34177e+06 294192 39979.5 37876.9 28870.1 19738.3 19581.4 18098.2 16157.7 15458.1 11295.6 10989.9 10102 14273.3 9048.83 7926.77 7444.59 7230.33 5802.69 5686.9 5553.56 8142.17 4956.69 5177.12 4820.04 4534.37 4309.62 4647.65 3756.74
threshold=57.416574990832423 1.0000000180025095e-35 51.176633444075314 86.391694725028074 69.006568144499184 58.363746958637471 55.351882160392812 62.258652094717682 40.546767966122808 4.5000000000000009 49.878048780487809 44.405320813771525 85.313725490196092 4.5000000000000009 94.008547008547026 4.5000000000000009 68.208556149732644 44.500000000000007 29.500000000000004 69.631093544137045 65.470635559131139 1.5000000000000002 75.905718027062434 11.500000000000002 45.9543394326003 95.101959216313489 8.5000000000000018 77.849927849927852 57.735042735042732 95.945205479452071
decision_type=2 2 2 2 2 2 2 2 2 2 2 2 2 2 2 2 2 2 2 2 2 2 2 2 2 2 2 2 2 2
left_child=1 3 10 6 7 8 -1 9 11 25 -3 -4 -10 29 27 20 -11 -5 -12 -17 23 -8 -23 -7 -25 -2 -24 28 -15 -6
right_child=4 2 5 17 13 15 21 -9 12 16 18 -13 -14 14 -16 19 -18 -19 -20 -21 -22 22 26 24 -26 -27 -28 -29 -30 -31
leaf_value=-0.017929453986549711 0.031062226136861125 -0.02918011399999557 0.0041091010543106874 0.038241437894581343 0.04595265585819832 0.035728669646648253 0.030857233312142757 0.044891376617395916 -0.017754401736718561 -0.0046501993102549682 -0.011189338871531607 0.049327116331285108 0.0066162413666397248 0.0019181220773432685 0.046322476594271696 -0.01289398156325698 0.02304457971825484 0.031295504083192843 0.037153592315975634 0.019539808403415605 0.044258760100827715 0.014001383058100758 0.023024324351789232 0.03013639137397061 0.0016800084147335853 0.040808412078079781 0.036708324943481148 0.04223301912500356 0.037146194208127988 0.04717282785181913
leaf_weight=10604.575875915587 97174.164703536779 723163.47860831767 9789.3978161755949 388715.404207021 4582704.8955556899 22475.080732923001 73401.811663329601 158631.26805880293 33197.024967784062 11705.651488222182 20827.880438443273 10104.432482341304 33414.033239746466 3472.4268442094326 1301361.3859516382 6848.7412043251097 45260.524578794837 216184.47238959372 3213.0136817954481 18034.306832438335 22104.249372977763 83418.277818633243 96850.090428389609 11516.881190573797 11500.809737477452 86249.95457932353 28133.944841574878 800007.87184202671 116014.12200060487 4511312.2370301485
leaf_count=228673 163771 46753667 254822 285716 1007510 77297 201323 72416 977884 84227 548276 85201 445665 9531 281105 98029 118521 256198 39620 117752 37223 595090 293568 50449 67563 51176 62040 319154 78609 773674
internal_value=0.040328 0.00521142 -0.0201182 0.0313563 0.0457945 0.0144277 0.0222482 0.0367099 0.00196966 0.0313108 -0.0283934 0.0270782 -0.00552924 0.0461149 0.0443006 0.0260805 0.0173535 0.0357591 -0.00472651 0.0106121 0.0317741 0.0237602 0.0212604 0.0257068 0.0159195 0.0356454 0.026105 0.041439 0.0361226 0.046558
internal_weight=1.35374e+07 1.8235e+06 926189 897309 1.17139e+07 178985 292409 399022 86504.9 240390 747204 19893.8 66611.1 1.13149e+07 2.22086e+06 92480.1 56966.2 604900 24040.9 24883 67597 281804 208402 45492.8 23017.7 183424 124984 919494 119487 9.09402e+06
internal_count=54435750 51476056 49553448 1922608 2959694 2211885 1380694 490111 1763572 417695 47341563 340023 1423549 2469583 688399 448313 202748 541914 587896 215781 232532 1152021 950698 195309 118012 214947 355608 407294 88140 1781184
is_linear=0
shrinkage=0.03


Tree=32
num_leaves=31
num_cat=0
split_feature=5 4 5 5 0 1 4 0 4 5 1 3 1 7 3 1 3 4 1 3 7 1 3 0 7 5 0 1 0 3
split_gain=2.60939e+06 1.26238e+06 260120 39555 39130.5 32299.4 19799 18755.9 17134 15883.6 13796.1 13690.8 36969.1 13448.3 12224.7 11681.7 10532.2 8859.98 7033.51 18364 6760.95 9445.86 6578.1 6391.84 5487.22 5481.09 5371.44 5324.42 5222.66 4952.64
threshold=55.338145896656549 1.0000000180025095e-35 49.886877828054303 62.668584786908845 87.29833546734956 87.007672634271117 42.631272364150796 55.351882160392812 48.502779272010045 46.440092165898626 87.428160919540247 4.5000000000000009 86.391694725028074 18.500000000000004 1.5000000000000002 98.275349390425234 2.5000000000000004 35.475925631654228 97.467948717948744 2.5000000000000004 50.500000000000007 93.643953676272574 2.5000000000000004 74.115688722430306 11.500000000000002 97.999911107160344 73.746867167919817 84.680573663624514 83.096903096903105 7.5000000000000009
decision_type=2 2 2 2 2 2 2 2 2 2 2 2 2 2 2 2 2 2 2 2 2 2 2 2 2 2 2 2 2 2
left_child=1 4 9 8 7 14 -7 -1 24 -3 16 -5 13 29 -4 25 -10 -11 19 -9 -6 22 -22 -12 -2 -14 -20 -21 -8 -13
right_child=3 2 5 11 20 6 28 18 10 17 23 12 15 -15 -16 -17 -18 -19 26 27 21 -23 -24 -25 -26 -27 -28 -29 -30 -31
leaf_value=-0.017655877583618893 0.04514565619385677 -0.029151165097506967 0.017054930476915944 0.045600229871235541 0.037125133833795086 0.039631448406899569 -0.003720180292747767 0.027935613313299509 0.025421079182722437 0.010465820928379785 0.0081908570885338185 0.037994292475554518 0.03674374662828659 0.0040242791854628633 -0.019374091946247125 0.044913301750041427 -0.0097954280351243567 -0.018695601866999732 0.018206207457405296 -0.0023440179754754421 0.025880229096789276 0.032374520179343176 -0.011337452647157489 0.034067295165778916 0.035963226521988093 0.046562666899433669 0.031421682850657384 0.014381940675369406 0.01833891083776366 0.025520017835904081
leaf_weight=10448.228052811697 125993.79508567601 654873.19994949363 12539.462386868894 9002271.9304477014 405877.4540554136 48327.860016468912 12572.360026311129 89071.544067069888 17930.320316717029 11383.132394311018 9181.4568115603179 55006.266970541328 257866.39174854755 18643.073585094884 24461.992734482512 1752216.7077181675 13319.519995195791 53171.161432533525 37314.570561796427 29258.266615152359 9424.9093484431505 160216.810183689 7818.5511358827353 134183.80584367178 109569.24273439683 63873.496145538986 107336.00035737455 41312.29873425886 41673.403286488727 59823.660434503108
leaf_count=228673 98713 43189085 233393 1928667 298243 466979 278182 300520 81089 468659 47235 49029 172481 72843 950283 440003 204919 2690539 88122 433312 14497 165186 29846 229042 318602 13121 139041 225168 489694 90584
internal_value=0.0395938 0.00552026 -0.0204801 0.0447462 0.0303894 0.0169998 0.0256675 0.0218639 0.0355955 -0.0277516 0.0284733 0.045081 0.0429635 0.0276589 -0.00702809 0.0439484 0.0104105 -0.0135531 0.023221 0.0188788 0.0349892 0.0301038 0.00900439 0.0324103 0.0408748 0.0386932 0.0280128 0.00744728 0.0132261 0.0314959
internal_weight=1.3377e+07 1.75708e+06 859003 1.16199e+07 898079 139575 102574 314741 410178 719427 174615 1.12097e+07 2.20743e+06 133473 37001.5 2.07396e+06 31249.8 64554.3 304293 159642 583338 177460 17243.5 143365 235563 321740 144651 70570.6 54245.8 114830
internal_count=54435750 50689422 48766814 3746328 1922608 2418531 1234855 1414836 979600 46348283 562285 2766728 838061 212456 1183676 625605 286008 3159198 1186163 959000 507772 209529 44343 276277 417315 185602 227163 658480 767876 139613
is_linear=0
shrinkage=0.03


Tree=33
num_leaves=31
num_cat=0
split_feature=5 4 5 2 5 2 2 4 0 5 3 2 2 1 3 0 7 1 4 3 1 1 3 0 1 2 5 3 7 2
split_gain=2.49409e+06 1.1748e+06 277391 45189.2 37935.2 36785.8 23445.7 21178.5 20197.7 16052.1 14902.9 14637.6 10652.4 10020.4 9829.1 9392.4 11012.9 8597.49 8496.2 8467.95 23725.9 8365.61 7487.18 7410.14 7140.88 6457.98 6124.64 5951.92 5888.19 5840.55
threshold=55.725995316159263 1.0000000180025095e-35 49.886877828054303 92.390405293631105 64.480286738351268 89.699381078691445 94.360822556709792 42.894540014958871 88.2734912146677 46.440092165898626 5.5000000000000009 93.127066603684469 80.810147299509012 82.972848596410515 5.5000000000000009 87.138130686517798 24.500000000000004 98.213716108452971 35.475925631654228 4.5000000000000009 97.100840336134453 97.100840336134453 4.5000000000000009 86.240703177822866 83.438818565400865 99.504950495049513 98.561076604554884 4.5000000000000009 49.500000000000007 79.337712096332794
decision_type=2 2 2 2 2 2 2 2 2 2 2 2 2 2 2 2 2 2 2 2 2 2 2 2 2 2 2 2 2 2
left_child=1 3 9 8 6 23 13 -7 12 -3 28 15 -1 22 -8 16 -6 -14 -11 -13 25 -16 29 -4 -12 -21 -27 -9 -5 -2
right_child=4 2 5 10 11 7 14 27 -10 18 24 19 17 -15 21 -17 -18 -19 -20 20 -22 -23 -24 -25 -26 26 -28 -29 -30 -31
leaf_value=-0.0068073711730466807 -0.0050472502966185445 -0.029094606765969852 -0.016694428422762312 0.036606191117485573 0.04038115503106339 0.037672639107972652 0.041530918179618154 0.018030111496147857 0.031361021077710716 0.010075185588887299 -0.0053324840366970258 0.045261219579446496 0.010943015079747383 0.029455132078038175 0.0042759566949364001 0.044142055345372647 0.02653415306997433 0.049956557317170823 -0.018434784971785183 0.042005967703064459 0.044067520026536293 0.033614830711522034 -0.015070373926999885 0.027597438932043389 0.02551068543532925 0.025728288943826436 0.044590160803061281 -0.0031027967271773341 0.030076519927374399 0.029553041673511884
leaf_weight=32310.465259492397 6382.8026759643108 636735.66087467968 28404.494173035026 418796.280726403 749486.67941007391 58200.868475806899 376464.30602918938 45325.565984997898 45940.824003942311 11468.45602766145 7094.5544697009027 7575583.0721868202 70314.570660870522 86578.824086001143 10002.463833007962 720419.45891939476 55538.033900417387 5479.3932051807642 52318.743635462597 43800.346078976989 1624716.5164280683 69764.1230452694 8274.8003664817661 3860.5723306545988 141020.93883559853 103072.84426137805 18240.097777351737 16308.733382246457 176852.36279057339 14060.65623129718
leaf_count=573347 80558 43189085 1082314 311627 352896 544956 284042 487416 59843 468659 84477 1453516 424343 239473 68765 187723 88268 3902 2690539 18642 406400 126093 174384 46042 256362 117444 5115 332645 208707 68167
internal_value=0.0388899 0.00553612 -0.0196838 0.0294868 0.0439834 0.0170387 0.0364491 0.0246942 0.0146975 -0.0276572 0.0325499 0.0443787 0.00761562 0.0243615 0.0395038 0.0416532 0.0394259 0.0137643 -0.0133086 0.0448227 0.0429664 0.0299361 0.00900422 -0.0113937 0.0240332 0.0321307 0.0285647 0.012438 0.0346676 0.0187498
internal_weight=1.32128e+07 1.75043e+06 852623 897809 1.14624e+07 152100 571528 119835 154045 700523 743764 1.08909e+07 108104 115297 456231 1.52544e+06 805025 75794 63787.2 9.36541e+06 1.78983e+06 79766.6 28718.3 32265.1 148115 165113 121313 61634.3 595649 20443.5
internal_count=54435750 50764264 48841656 1922608 3671486 2493373 1041482 1365017 1061435 46348283 861173 2630004 1001592 562582 478900 628887 441164 428245 3159198 2001117 547601 194858 323109 1128356 340839 141201 122559 820061 520334 148725
is_linear=0
shrinkage=0.03


Tree=34
num_leaves=31
num_cat=0
split_feature=6 4 5 2 5 6 2 2 6 1 3 4 2 6 7 4 1 6 3 1 6 4 3 2 1 3 1 3 4 5
split_gain=2.55138e+06 1.08504e+06 332493 43230.8 31891.3 30622.5 24333.9 20148.6 19574.8 18590.9 15121.2 13359.2 11728.2 15206.4 10929.8 8944.43 8372.86 7943.25 7762.96 22723.2 8502.27 7413.59 7090.26 6485.54 6481.89 6361.06 5491.99 7608.71 5457.1 4922.4
threshold=59.026269010468106 1.0000000180025095e-35 51.176633444075314 93.127066603684469 61.00492847698041 69.006568144499184 91.922957440198829 91.2662090007628 49.878048780487809 77.015755329008357 5.5000000000000009 41.277122469783031 94.957627118644083 90.219990435198483 15.500000000000002 36.009478672985793 78.319623971797895 44.405320813771525 4.5000000000000009 97.100840336134453 99.779735682819393 43.085422864428402 5.5000000000000009 99.504950495049513 83.6786469344609 4.5000000000000009 95.293466223698786 5.5000000000000009 62.258652094717682 45.013089005235607
decision_type=2 2 2 2 2 2 2 2 2 2 2 2 2 2 2 2 2 2 2 2 2 2 2 2 2 2 2 2 2 2
left_child=1 3 8 9 7 6 16 -4 -3 -1 -5 17 13 -7 -6 29 -2 -9 -14 20 23 -16 -8 -20 -12 -13 27 -11 -18 -10
right_child=5 2 4 10 14 12 22 11 15 26 24 25 18 -15 21 -17 28 -19 19 -21 -22 -23 -24 -25 -26 -27 -28 -29 -30 -31
leaf_value=-0.0093795024046851756 -0.005207409385945082 -0.029032440869405467 -0.016408875392934508 0.034016586234889352 0.036868119351379867 0.037761064704290928 0.040317353827643669 0.0088130156935703266 0.0031137301524215653 0.019262121566185647 -0.0050494849899867713 0.010096286552230519 0.044722738189883288 0.043518235460455912 0.029796516931380381 -0.012122093931277155 0.014801762950381192 0.043256771904924204 0.045915593735256548 0.043501680292117532 0.045323636474426346 0.0042499477215944175 0.027617501710029031 0.024283381610756837 0.024645623235220574 -0.0099444609089504206 0.02916563890740274 -0.0018228193551725438 0.036519987710038816 0.057651581387613587
leaf_weight=24039.869061506353 12158.483420930803 666848.06006999966 31259.237201184034 578346.77301779389 51361.069951569661 603818.01001434773 249450.83467849717 9815.5669988840818 3062.661086557433 92451.300515033305 6942.1186550781131 52765.10039293021 7217218.4852665812 1306841.3522348702 19083.741808721796 20391.930222412571 28015.944528404623 15614.017079476267 14334.374600946903 1610442.8889747262 29068.385358199477 22023.66823380813 47044.705953750759 96231.470820426941 140197.05276845768 19528.562328208238 36502.576233908534 18480.668252578005 16576.703750401735 2899.9251618348062
leaf_count=484461 87364 46753667 981590 493330 113809 304833 119118 173645 61907 356451 82737 474013 1342712 320585 63381 517759 79092 66646 3728 385861 6144 104304 69553 105720 252194 334768 54254 199181 14764 28179
internal_value=0.038222 0.00518474 -0.0178069 0.0286299 0.0141949 0.0435509 0.0348576 0.00455527 -0.0280302 0.0150825 0.0318319 0.0112614 0.0438332 0.0416988 0.0276406 -0.00267089 0.0168592 0.0299633 0.044288 0.0424951 0.030885 0.0161105 0.0383024 0.0270884 0.0232445 0.00468244 0.0190713 0.0157494 0.0228762 0.0296461
internal_weight=1.30428e+07 1.81161e+06 914654 896960 221451 1.12312e+07 353247 128982 693203 171474 725486 97723.2 1.0878e+07 1.91066e+06 92468.5 26354.5 56751.1 25429.6 8.9673e+06 1.75008e+06 139634 41107.4 296496 110566 147139 72293.7 147435 110932 44592.6 5962.59
internal_count=54435750 51596276 49673668 1922608 2312156 2839474 369891 2030662 47361512 1094347 828261 1049072 2469583 625418 281494 607845 181220 240291 1844165 501453 115592 167685 188671 109448 334931 808781 609886 555632 93856 90086
is_linear=0
shrinkage=0.03


Tree=35
num_leaves=31
num_cat=0
split_feature=6 4 5 2 6 5 2 2 0 6 3 2 6 0 4 0 4 0 3 3 3 1 6 6 1 6 2 1 1 4
split_gain=2.44705e+06 1.02786e+06 322482 41405.9 31368.1 29993 23718.8 21559.2 19551 19508.6 15270.2 12082.2 15120.5 10173.8 9856.02 8716.21 8334.28 8315.46 8106.19 7943.47 7875.21 22185.8 8501.82 7700.01 7417.92 7158.38 6575.41 5871.9 5870.16 5059.8
threshold=59.026269010468106 1.0000000180025095e-35 51.176633444075314 93.643953676272574 69.006568144499184 62.668584786908845 94.360822556709792 94.570024570024586 87.570224719101148 49.878048780487809 5.5000000000000009 94.360822556709792 91.697994987468704 60.736889692585912 42.441171491450824 86.240703177822866 36.009478672985793 88.774341351660951 5.5000000000000009 5.5000000000000009 4.5000000000000009 97.100840336134453 99.779735682819393 46.008849557522133 98.076211616722162 77.849927849927852 99.504950495049513 84.889995848899972 83.6786469344609 52.839964805943886
decision_type=2 2 2 2 2 2 2 2 2 2 2 2 2 2 2 2 2 2 2 2 2 2 2 2 2 2 2 2 2 2
left_child=1 3 9 8 6 7 15 27 13 -3 -5 12 17 -1 23 -2 -11 25 29 -8 -13 22 26 -9 -15 -6 -22 -4 -12 -16
right_child=4 2 5 10 11 -7 19 14 -10 16 28 20 -14 24 18 -17 -18 -19 -20 -21 21 -23 -24 -25 -26 -27 -28 -29 -30 -31
leaf_value=-0.018727851055736627 0.010415015854659072 -0.028979455908051191 -0.022220787714136905 0.033308674096214616 0.025680821813635769 0.029483532517241447 0.040372364700244578 0.010121103262119754 0.027062394357801878 0.028175464542866163 -0.0046625128716876098 0.044038382380427232 0.042999870126031833 0.0079932464073660305 0.0067708403406460263 0.031033106655410522 -0.011882732476833031 0.041182486577931575 -0.0095029219084922564 0.026583444379421197 0.043238751636880707 0.042809919033935842 0.044610013406635458 0.041832290203499982 0.040065008884218573 0.036332675873909877 0.023635523764044659 -0.00093361492698525476 0.023778572530668729 0.025583462633441197
leaf_weight=12234.212202193215 43569.576638337225 648305.18006570637 21788.122993605211 565980.56636720151 69769.952328979969 73027.490116909146 230427.04023639113 11734.600034154952 73386.810494415462 6082.2706844303757 6849.6127344332635 7199178.8026739061 1130894.9778761715 90459.973091466352 35290.874711185694 32016.249812114984 20181.85648134537 280393.60308076441 18063.993219595402 44950.793860021979 18349.843320682645 1590358.6631470919 30518.603463381529 16704.149001346901 6991.669635489583 305554.92309613526 95908.079297155142 25096.550232922658 140031.04742484167 20253.03910770081
leaf_count=314943 172457 46753667 775598 475949 74787 187072 97801 186337 101794 90086 81735 1365643 273216 689994 351056 34128 517759 91603 282397 65505 5921 386511 6466 60355 7932 159716 105720 408331 250261 61010
internal_value=0.0375971 0.00507832 -0.0176318 0.0278035 0.0428617 0.0137349 0.0340357 0.00601241 0.0150768 -0.0279526 0.0310718 0.0431506 0.0408981 0.00705735 0.0137492 0.0191488 -0.00260473 0.0372733 0.00795357 0.0381217 0.043601 0.0417864 0.0305423 0.0287487 0.0102948 0.0343527 0.0267843 -0.0108267 0.0224521 0.0136311
internal_weight=1.28644e+07 1.79246e+06 896528 895934 1.10719e+07 221959 350964 148931 183073 674569 712861 1.07209e+07 1.78661e+06 109686 102047 75585.8 26264.1 655718 73607.9 275378 8.93431e+06 1.73514e+06 144777 28438.7 97451.6 375325 114258 46884.7 146881 55543.9
internal_count=54435750 51596276 49673668 1922608 2839474 2312156 369891 2125084 1114663 47361512 807945 2469583 599322 1012869 941155 206585 607845 326106 694463 163306 1870261 504618 118107 246692 697926 234503 111641 1183929 331996 412066
is_linear=0
shrinkage=0.03


Tree=36
num_leaves=31
num_cat=0
split_feature=6 4 5 2 5 6 2 2 0 3 4 2 6 6 5 6 2 1 0 3 1 6 3 0 7 2 4 2 7 6
split_gain=2.34965e+06 974140 312846 39564.1 35458.6 32156.6 23140.6 18934.3 18395.7 14966.3 13856 12412.7 15248.4 10831.2 10713.6 10132 9744.44 8290.56 8286.97 8048.03 22218.6 8368.84 7931.22 7694.52 11283.9 7476.83 7358.45 6388.96 5953.67 5872.41
threshold=59.026269010468106 1.0000000180025095e-35 49.886877828054303 93.643953676272574 57.821912650602414 69.006568144499184 94.360822556709792 92.718275008837068 87.570224719101148 5.5000000000000009 39.643608366075327 94.360822556709792 90.219990435198483 48.397370043147738 65.470635559131139 42.080668962124946 80.810147299509012 98.213716108452971 86.240703177822866 4.5000000000000009 97.100840336134453 99.779735682819393 5.5000000000000009 88.774341351660951 20.500000000000004 94.957627118644083 30.521412860654674 99.504950495049513 15.500000000000002 83.405797101449295
decision_type=2 2 2 2 2 2 2 2 2 2 2 2 2 2 2 2 2 2 2 2 2 2 2 2 2 2 2 2 2 2
left_child=1 3 13 8 7 6 18 -4 16 -5 15 12 23 -3 25 -9 -1 -18 -2 -13 21 27 -8 24 -7 -6 -15 -21 -16 -26
right_child=5 2 4 9 14 11 22 10 -10 -11 -12 19 -14 26 28 -17 17 -19 -20 20 -22 -23 -24 -25 29 -27 -28 -29 -30 -31
leaf_value=-0.007104517751791709 0.010070951969764451 -0.029349570217281341 -0.019134546936156686 0.032446726089567085 0.0013015512983412542 0.035133222570572609 0.039583567274774266 0.0037176418074166442 0.026215201260561056 0.021707758008301794 -9.1133757660457454e-05 0.043411639344774364 0.042114653074667205 0.059081005395286143 0.0441133813477693 0.048077951112748665 0.0097489234987925919 0.04671080923855235 0.030175808361678973 0.042430813711802663 0.042154248410966252 0.043902763698219896 0.025792076745555774 0.040252159996262984 0.0082953798876386018 0.020996529394136671 -0.012770040461320447 0.023009122206744646 0.022060708859292004 0.033040191182281096
leaf_weight=32022.111930192448 43704.286143261939 610457.96843127999 35765.970083334483 563621.0299288407 23592.388125823811 288682.23717625439 228005.00002388656 7975.7634437996894 73484.148192204535 147351.43146611378 56596.515933363698 7085736.9676084518 1201649.8242006898 1360.4456116417423 23650.527358893305 11061.596961667761 72026.5592292808 5909.1456341296434 31939.241537459195 18141.441581115127 1566996.0067310631 30086.483897119761 44940.259575270116 235894.40231463313 23162.601774856448 65561.504249796271 22198.362582969479 95568.706381335855 20641.829982053488 13760.930299386382
leaf_count=573142 172457 45572354 1429188 475949 279512 163601 97801 238258 101794 331996 1024984 1365643 305549 17363 25837 79463 435774 3953 34128 5921 386511 6466 65505 80529 40418 209458 733861 105720 63390 9225
internal_value=0.0370027 0.00497491 -0.0174563 0.0270161 0.0113461 0.0422092 0.0332438 -0.00114906 0.0145941 0.0302211 0.00735592 0.0425051 0.0402074 -0.0285793 0.021777 0.029495 0.00682756 0.0125522 0.0185604 0.0429657 0.0411185 0.0298317 0.037313 0.0361256 0.0331358 0.015785 -0.0086179 0.0261082 0.0338371 0.0175185
internal_weight=1.26815e+07 1.77328e+06 878863 894414 244846 1.09083e+07 348589 111400 183442 710972 75633.9 1.05597e+07 1.76315e+06 634017 133446 19037.4 109958 77935.7 75643.5 8.79653e+06 1.71079e+06 143797 272945 561500 325606 89153.9 23558.8 113710 44292.4 36923.5
internal_count=54435750 51596276 49673668 1922608 3350090 2839474 369891 2771893 1114663 807945 1342705 2469583 599322 46323578 578197 317721 1012869 439727 206585 1870261 504618 118107 163306 293773 213244 488970 751224 111641 89227 49643
is_linear=0
shrinkage=0.03


Tree=37
num_leaves=31
num_cat=0
split_feature=5 4 5 5 2 2 2 4 0 5 2 3 0 7 3 0 4 3 4 0 0 5 5 2 3 3 7 0 2 3
split_gain=2.10505e+06 952215 244867 41738.1 37786.9 29513.5 20941.9 18051.7 17313.3 16299.1 16215.5 14726.9 9933.71 11263.8 9734.64 9401.57 9355.06 9249.56 7992.84 6831.83 5974.95 5814.52 5786.98 5081.55 5005.89 4863.32 4478.64 4396.33 4281.9 4118.95
threshold=55.725995316159263 1.0000000180025095e-35 49.886877828054303 64.480286738351268 93.643953676272574 89.022757697456498 94.360822556709792 42.894540014958871 87.570224719101148 46.440092165898626 93.127066603684469 5.5000000000000009 87.138130686517798 24.500000000000004 5.5000000000000009 60.736889692585912 48.502779272010045 4.5000000000000009 35.475925631654228 86.240703177822866 84.028985507246389 97.999911107160344 97.999911107160344 81.872946330777665 4.5000000000000009 12.500000000000002 50.500000000000007 93.582704186685007 92.031746031746039 4.5000000000000009
decision_type=2 2 2 2 2 2 2 2 2 2 2 2 2 2 2 2 2 2 2 2 2 2 2 2 2 2 2 2 2 2
left_child=1 4 9 6 8 19 16 29 15 -3 12 26 13 22 -8 -1 -2 -12 28 -4 -18 -19 -5 -17 -9 -13 -6 -10 -11 -7
right_child=3 2 5 10 11 7 14 24 27 18 17 25 -14 -15 -16 23 20 21 -20 -21 -22 -23 -24 -25 -26 -27 -28 -29 -30 -31
leaf_value=-0.018454526653928809 0.030404285075467392 -0.028899424127283396 -0.016798853182294043 0.036048709199441954 0.033283272238946233 0.038412729338205172 0.038291104323386602 0.015658550032433608 0.022776561351180273 -0.016492528610725747 0.042665210275363803 0.023820091483239079 0.041404551041200693 0.023262315949606115 0.026633339936020843 -0.00099061720185858308 0.0035930565477953532 0.039136663165589655 -0.017633157348784081 0.028997080134097058 0.023030333774650844 0.043106169586421592 0.042699500940851273 0.014040780426868014 -0.0037234297023845194 0.010564118580927264 0.02729888243499658 0.045887104452948815 0.023550302123383087 0.020154857732907445
leaf_weight=12001.569930466823 56562.216934977099 569853.35393067542 26088.097522811964 566287.7190355435 405091.59391333163 43854.375557667576 361955.74015732482 45648.689223594964 65193.973373793066 3540.0286382585764 7122634.9296676293 116181.69361489266 682349.81092255563 54336.442616939545 78461.067291293293 28530.933894518763 28866.397958938032 1241512.2274996564 48240.937131271698 3301.774521574378 28081.714337395504 453729.98916164041 148745.95111189783 69649.238394293934 16264.502846551128 31715.265621550381 155956.57566227764 8360.2699023783207 7478.8810578258708 14909.109633807093
leaf_count=314943 214102 43189085 1060310 320547 302798 314863 284042 498010 98134 203080 1453516 233886 187723 88268 194858 355351 282406 458105 2690539 38098 66074 89496 32349 342575 340671 98110 173151 3660 265579 241421
internal_value=0.0364353 0.00510517 -0.0191284 0.0412747 0.0262575 0.0153056 0.0332529 0.0218713 0.0141331 -0.0273422 0.0417074 0.0293998 0.0387691 0.0364316 0.0362144 0.00660855 0.0217623 0.0421911 -0.0123674 -0.0116526 0.0131783 0.0401991 0.0374323 0.00967257 0.0105667 0.0209777 0.0316198 0.0254041 0.0106841 0.0337811
internal_weight=1.24954e+07 1.67186e+06 779180 1.08235e+07 892681 150067 553927 120677 183736 629113 1.02696e+07 708945 1.45172e+06 769370 440417 110182 113510 8.81788e+06 59259.8 29389.9 56948.1 1.69524e+06 715034 98180.2 61913.2 147897 561048 73554.2 11018.9 58763.5
internal_count=54435750 50764264 48841656 3671486 1922608 2493373 1041482 1394965 1114663 46348283 2630004 807945 628887 441164 478900 1012869 562582 2001117 3159198 1098408 348480 547601 352896 697926 838681 331996 475949 101794 468659 556284
is_linear=0
shrinkage=0.03


Tree=38
num_leaves=31
num_cat=0
split_feature=6 4 5 2 6 1 2 5 0 3 3 2 6 4 6 6 0 0 3 1 6 3 6 0 6 7 2 4 1 7
split_gain=2.18688e+06 881067 289452 36156.4 34405.6 31826.4 22764.6 18261.1 16333.1 14471.3 13886.4 13042.3 16136.3 11871.3 11143.5 10477.1 8885.37 8739.63 8474.29 23825.8 8313.43 8079.58 7857.89 7788.34 7764.38 7791.82 7452 6996.21 6317.55 6295.48
threshold=59.026269010468106 1.0000000180025095e-35 49.886877828054303 93.643953676272574 69.006568144499184 85.540069686411172 94.360822556709792 63.47680097680098 87.138130686517798 5.5000000000000009 1.5000000000000002 94.957627118644083 93.039405684754527 41.277122469783031 48.397370043147738 46.008849557522133 88.774341351660951 58.204833141542004 4.5000000000000009 97.100840336134453 99.779735682819393 5.5000000000000009 51.176633444075314 88.203668564199887 77.849927849927852 20.500000000000004 83.424908424908438 34.217562623135386 98.076211616722162 17.500000000000004
decision_type=2 2 2 2 2 2 2 2 2 2 2 2 2 2 2 2 2 2 2 2 2 2 2 2 2 2 2 2 2 2
left_child=1 3 14 8 6 10 23 13 17 -5 26 12 16 15 -3 -7 24 -1 -13 20 -20 -8 -15 -2 25 -6 -4 -16 -19 -9
right_child=4 2 5 9 11 7 21 29 -10 -11 -12 18 -14 22 27 -17 -18 28 19 -21 -22 -23 -24 -25 -26 -27 -28 -29 -30 -31
leaf_value=-0.022087524430823756 0.010069965250299306 -0.029265729908336181 -0.020156669725345539 0.030829090737245386 0.028676691947230066 0.0070019695141607446 0.038112401921818348 0.038715878108199736 0.024200370354490644 0.020286573938846999 -0.021358054245688842 0.042287397839894665 0.041429432930902198 -0.0051086774156446765 0.028067825619760473 0.039591737786832226 0.039272739278479199 0.0066284876500448441 0.024105103817323312 0.040967941683094145 0.042591444475330205 0.024147779726772404 0.01173386675912653 0.030235226070731314 0.034585208467663137 0.0037146164749969476 0.023106486997258938 -0.015564860855204497 0.036754551431711226 0.018176991185291601
leaf_weight=9065.4931940902025 49170.480081491172 577393.37915071286 4958.421609419398 558219.89967722446 55519.32515566051 16260.441320556216 222715.50531634688 32750.628517664969 77195.912419125438 148340.28447099403 35281.754246099852 6766149.0490601808 1046629.4843866676 42633.48129057046 4007.222230614163 19558.919462526217 343581.71116711199 91041.282609570771 108231.2674164027 1517285.6423178017 27452.046026915312 44803.175145752728 60034.613256165758 26546.302605092525 350552.81388713419 14117.879989035428 12910.970549712889 18910.811652192846 6727.1624885648489 22779.988007832319
leaf_count=259031 180908 45572354 162008 475949 47402 387743 97801 30538 109860 331996 1238842 1342712 252730 926178 76141 86316 113763 737713 109448 385861 6144 65505 334427 25677 183440 28083 130158 675083 8059 53880
internal_value=0.03588 0.00469466 -0.0172014 0.0255308 0.0410066 0.010122 0.0316634 0.0157565 0.0136864 0.0286158 -0.0104452 0.0413201 0.0390098 0.00992814 -0.0284514 0.0247984 0.0356939 0.0060889 0.0418169 0.0398908 0.0278457 0.0357738 0.00473978 0.0171404 0.0327675 0.0236164 0.0111005 -0.00793413 0.00870188 0.0302911
internal_weight=1.23108e+07 1.73807e+06 847481 890590 1.05728e+07 247169 343235 194018 184030 706560 53151.1 1.02295e+07 1.8104e+06 138487 600311 35819.4 763772 106834 8.41912e+06 1.65297e+06 135683 267519 102668 75716.8 420190 69637.2 17869.4 22918 97768.4 55530.6
internal_count=54435750 51596276 49673668 1922608 2839474 3350090 369891 1819082 1114663 807945 1531008 2469583 625418 1734664 46323578 474059 372688 1004803 1844165 501453 115592 163306 1260605 206585 258925 75485 292166 751224 745772 84418
is_linear=0
shrinkage=0.03


Tree=39
num_leaves=31
num_cat=0
split_feature=6 4 5 6 2 6 2 0 3 1 2 6 2 6 0 4 0 3 1 6 6 3 0 1 4 2 5 4 1 4
split_gain=2.10662e+06 835701 281577 35203.5 34592 30223 22238.5 15536.2 14232.3 14227.1 13397.9 16307.4 11521.6 11188 9188.42 9139.87 9106.02 8685.02 23900.6 8201.84 8114.83 8065.88 7447.61 6643.05 6567.66 6209.93 5991.1 9366.7 5624.58 5369.2
threshold=59.026269010468106 1.0000000180025095e-35 49.886877828054303 69.006568144499184 93.643953676272574 51.176633444075314 94.360822556709792 89.687399291008717 5.5000000000000009 87.007672634271117 94.957627118644083 94.008547008547026 95.419580419580441 48.397370043147738 88.774341351660951 36.59333652160052 60.736889692585912 4.5000000000000009 97.100840336134453 99.779735682819393 77.849927849927852 5.5000000000000009 86.240703177822866 98.213716108452971 33.689931350114428 99.504950495049513 64.480286738351268 44.497103738809905 85.867895545314909 43.25904852220642
decision_type=2 2 2 2 2 2 2 2 2 2 2 2 2 2 2 2 2 2 2 2 2 2 2 2 2 2 2 2 2 2
left_child=1 4 13 6 7 9 22 16 -6 -4 11 14 29 -3 20 -11 -1 -12 19 25 -5 -8 -2 -18 -15 -19 27 -14 -10 -7
right_child=3 2 5 10 8 12 21 -9 28 15 17 -13 26 24 -16 -17 23 18 -20 -21 -22 -23 -24 -25 -26 -27 -28 -29 -30 -31
leaf_value=-0.018004812502493788 0.0086650076767190547 -0.029221898073342686 -0.019527313527544863 0.023037123892696743 0.030064457691438586 0.028624482078641229 0.037421030881414963 0.025921411475849986 -0.0031623113573283216 0.02461585289591095 0.041757102181521663 0.041103223449842234 0.037945216851081931 0.029681422520872101 0.038821309356258417 -0.0009468257343106534 0.007874027344252698 0.042470081029448055 0.0404037107281357 0.041988761806646069 0.034184081198243232 0.023448196086121659 0.027745948804963061 0.036424864083066014 -0.014698743895689809 0.020763689192991146 0.034297307683095996 0.012699023549309614 0.021109715147516622 -0.00053512591747478788
leaf_weight=11638.494598904625 44145.873672246933 561156.72404340748 31003.92284916807 69253.577661693096 555289.17002841085 6929.5147418119013 220065.59495849907 59179.326124504209 9154.4963236935437 16189.754538204521 6648296.6718610078 947954.09776552022 17581.895521545783 3556.2373624211177 377508.37823206186 56573.452306496911 105589.85374609381 13574.884500458837 1492692.4407715052 27017.287735894322 389229.76204672456 44756.419217899442 31584.964499969035 7881.5927251726389 19189.97807314992 94119.598478674889 33817.768097519875 53402.543935302645 139644.82220876962 31570.694836286828
leaf_count=314943 172457 45572354 1242805 75485 475949 60705 97801 74431 94314 228342 1342712 224547 50695 62754 124079 1078925 716946 3728 385861 6144 201307 65505 34128 8343 688470 105720 32919 250021 237682 405678
internal_value=0.0353612 0.00459951 -0.0170262 0.0404467 0.0248278 0.00982025 0.03096 0.0132564 0.0278564 -0.00251002 0.0407678 0.0384094 0.0187488 -0.0283858 0.0353548 0.0047409 0.0072654 0.0412762 0.0393115 0.0272087 0.0325004 0.0350597 0.0166235 0.00985757 -0.00775851 0.0235003 0.0239046 0.0189528 0.0196163 0.00471342
internal_weight=1.21195e+07 1.71935e+06 830972 1.04002e+07 888378 247070 340553 184289 704088 103767 1.00596e+07 1.78395e+06 143302 583903 835992 72763.2 125110 8.2757e+06 1.6274e+06 134712 458483 264822 75730.8 113471 22746.2 107694 104802 70984.4 148799 38500.2
internal_count=54435750 51596276 49673668 2839474 1922608 3350090 369891 1114663 807945 2550072 2469583 625418 800018 46323578 400871 1307267 1040232 1844165 501453 115592 276792 163306 206585 725289 751224 109448 333635 300716 331996 466383
is_linear=0
shrinkage=0.03


Tree=40
num_leaves=31
num_cat=0
split_feature=5 4 5 5 2 2 2 2 5 4 0 3 0 7 3 3 0 4 2 4 5 0 5 2 0 2 7 0 3 3
split_gain=1.87723e+06 796481 245128 41432.2 33139.1 26607.1 18550.3 17458.2 16498.4 16415.7 14680.3 13932.1 11190.3 10871.1 9981.33 9314.52 8481.99 8318.33 7912.43 7086.48 6624.91 6346.93 5896.05 5024.45 4803.3 4737.55 4714.81 4714.67 4709.3 3962.79
threshold=56.030303030303038 1.0000000180025095e-35 49.886877828054303 64.480286738351268 93.643953676272574 89.022757697456498 94.360822556709792 94.360822556709792 46.440092165898626 45.013089005235607 89.323708206686945 5.5000000000000009 88.774341351660951 24.500000000000004 4.5000000000000009 5.5000000000000009 58.204833141542004 49.28556848336396 91.331186258722511 38.117386489479522 97.999911107160344 87.138130686517798 97.999911107160344 84.660633484162915 88.203668564199887 81.872946330777665 49.500000000000007 71.148775894538616 4.5000000000000009 5.5000000000000009
decision_type=2 2 2 2 2 2 2 2 2 2 2 2 2 2 2 2 2 2 2 2 2 2 2 2 2 2 2 2 2 2
left_child=1 4 8 6 10 21 17 12 -3 28 16 26 13 20 -9 -8 -1 -2 -10 -20 -5 -4 -16 -15 -19 -18 -6 -13 -7 -11
right_child=3 2 5 7 11 9 15 14 18 29 -12 27 -14 23 22 -17 25 24 19 -21 -22 -23 -24 -25 -26 -27 -28 -29 -30 -31
leaf_value=-0.021688888878756023 0.02814602536516253 -0.028741911445191299 -0.015012254294758606 0.034486273742935759 0.03108503696334064 0.033443685759388837 0.036378022458950089 0.041130040322833704 -0.02564266137809738 0.012148398503090688 0.024669235595132923 0.0092322339520523704 0.039887048134704575 0.010596057124669232 0.037374733773564039 0.024718816670196462 -0.00097038293787020998 0.004614937747528183 0.016714722421933254 -0.01226578826567444 0.041120178567328948 0.032333653242383804 0.0415008662268746 0.028685272358009543 0.02380157301175161 0.012763825937437408 0.02495350041901152 0.021908654899463604 0.016455433714635436 -0.0070961134669177634
leaf_weight=8738.5172550342977 57879.60335403122 524239.36930280551 27744.991591806524 651436.87346407026 393928.60629709065 58598.789637942798 341552.0710362047 6529148.973407656 22053.103511297144 41510.578195719048 62472.156417958438 34305.290655788034 764840.50827292353 20000.952730316669 1164774.9528632611 75279.779901839793 31184.737515762448 32613.18756326288 11399.802274668589 22739.642048010603 171143.36856012046 2804.8387635434046 425851.25953814387 44747.888580203056 18352.648150352761 82130.59138365835 158281.58982651681 114771.55564378202 19606.918363298289 12537.143168271519
leaf_count=259031 215748 43189085 1106047 364963 299147 434585 263784 1384479 1498240 429551 80170 120005 211153 49186 445630 181217 400602 272472 465837 1195121 38427 26317 88316 47850 32101 374860 176802 211991 322930 250103
internal_value=0.0348635 0.00493931 -0.0179614 0.0395974 0.024154 0.0145696 0.0313926 0.0400388 -0.027086 0.0203985 0.0128418 0.0271305 0.0372274 0.0349349 0.0406108 0.0342725 0.00678769 0.0203635 -0.0116365 -0.00258801 0.0358666 -0.0106639 0.0384794 0.023098 0.0115246 0.00898402 0.0293276 0.0189918 0.029185 0.00768403
internal_weight=1.19267e+07 1.62905e+06 743235 1.02976e+07 885813 162803 525677 9.77194e+06 580432 132253 184526 701287 1.65217e+06 887329 8.11978e+06 416832 122054 108845 56192.5 34139.4 822580 30549.8 1.59063e+06 64748.8 50965.8 113315 552210 149077 78205.7 54047.7
internal_count=54435750 50840424 48917816 3595326 1922608 2569533 965322 2630004 46348283 1437169 1114663 807945 711579 500426 1918425 445001 1034493 520321 3159198 1660958 403390 1132364 533946 97036 304573 775462 475949 331996 757515 679654
is_linear=0
shrinkage=0.03


Tree=41
num_leaves=31
num_cat=0
split_feature=6 4 5 5 0 6 1 1 3 7 6 4 0 3 1 6 6 1 3 4 0 3 7 7 1 3 3 6 4 6
split_gain=1.97515e+06 686551 338589 37967.8 30548.7 24143.8 20451.9 19926.3 19699.6 15196.5 14276.1 12841 12762.7 10871.2 27237.6 14949.2 9532.27 9297.54 8468.48 8256.17 8060.05 7937.78 7317.01 7288.88 8970.89 7670.01 6119.47 5652.32 5603.3 5349.25
threshold=61.320007916089459 1.0000000180025095e-35 49.886877828054303 61.791443850267385 87.29833546734956 73.746867167919817 87.007672634271117 87.428160919540247 2.5000000000000004 15.500000000000002 48.397370043147738 41.277122469783031 55.351882160392812 4.5000000000000009 96.808149405772511 99.779735682819393 46.008849557522133 81.302966101694935 1.5000000000000002 33.050664750269497 76.631205673758885 4.5000000000000009 1.0000000180025095e-35 46.500000000000007 92.031746031746039 2.5000000000000004 7.5000000000000009 45.674151842130847 43.085422864428402 93.039405684754527
decision_type=2 2 2 2 2 2 2 2 2 2 2 2 2 2 2 2 2 2 2 2 2 2 2 2 2 2 2 2 2 2
left_child=1 4 10 6 12 7 18 8 -2 -5 -3 16 -1 -7 15 17 -8 20 -4 -12 -15 -9 -19 -6 25 -25 -22 -13 -11 -24
right_child=5 2 3 9 23 13 11 21 -10 28 19 27 -14 14 -16 -17 -18 22 -20 -21 26 -23 29 24 -26 -27 -28 -29 -30 -31
leaf_value=-0.017391404044855726 0.030741712656830265 -0.02913492161538252 0.0034084416950774226 0.032579199101114585 0.030201752355111449 0.040377154170741961 0.0054767820882492962 0.037803786546064512 0.00063019763994193775 0.022095730357909311 0.036511167624389537 -0.014621683233143204 0.017206693669281469 0.022877680017667094 0.039620088197671689 0.041474838066725889 0.036428440184155669 0.008088469136335175 -0.023223741511312009 -0.01289570584385181 0.017243647733538817 0.027885200857046058 0.027067097590139109 0.021962666284442999 0.02476218507002028 -0.023590929918772669 -0.023006293959981491 0.0058186245637442393 0.0016080905875064059 0.036474460077671786
leaf_weight=9898.6218705736101 55162.930069059134 530847.42459319253 16199.342693197541 74639.209014842287 368830.41613636911 7558201.320879817 15289.814622615464 368203.02242511511 30292.953275702894 22174.493991447613 3560.0197100443766 14250.918805789202 312436.25598121993 36882.838913083076 1516833.9026598632 86909.761896103621 21619.274194736965 13226.373184531927 31910.948041021824 20962.70972353965 6407.4984080046415 90494.034213647246 128321.82574534416 6663.9852232038975 178594.97653950751 6640.1840482205153 7239.2549076080322 83569.170603803359 26224.280359482393 94497.059021905065
leaf_count=228673 48712 45572354 308236 121272 281158 1704882 359817 133937 110853 63335 51516 421507 1186163 37930 394507 18708 80367 18152 1259424 711060 7443 77544 105422 9835 189683 27096 18737 745455 102945 39027
internal_value=0.0343725 0.00491658 -0.0141414 0.0112046 0.0235038 0.0395143 0.00253408 0.0333691 0.0200679 0.0240892 -0.0281011 0.00852985 0.0161441 0.0398682 0.0378331 0.0305755 0.0236074 0.0272698 -0.0142562 -0.00572139 0.0155896 0.0358471 0.0297701 0.0277344 0.0229918 -0.000772321 -0.00410694 0.00284051 0.0109953 0.031057
internal_weight=1.1737e+07 1.74431e+06 861248 305877 883064 9.99267e+06 182839 544153 85455.9 123038 555370 134729 322335 9.44852e+06 1.89032e+06 373485 36909.1 286575 48110.3 24522.7 50529.6 458697 236045 560730 191899 13304.2 13646.8 97820.1 48398.8 222819
internal_count=54435750 51719896 49797288 3462358 1922608 2715854 3174806 371046 159565 287552 46334930 1607146 1414836 2344808 639926 245419 440184 226711 1567660 762576 64110 211481 162601 507772 226614 36931 26180 1166962 166280 144449
is_linear=0
shrinkage=0.03


Tree=42
num_leaves=31
num_cat=0
split_feature=6 4 5 5 2 6 2 2 7 6 0 4 2 6 0 7 6 7 2 4 0 4 0 2 0 6 4 0 2 0
split_gain=1.90995e+06 650450 328291 35728.7 31909.3 24770.5 27652.3 20276.2 14429.5 14290.8 14008 11243.8 11090.2 13123.4 10771.6 9939.8 8480.78 8268.17 7838.62 7812.26 6593.01 6505.94 6492.75 5912.01 5520.44 5411.06 5239.09 4748.93 4002.96 3905.11
threshold=61.320007916089459 1.0000000180025095e-35 49.886877828054303 61.791443850267385 93.908472479901064 73.746867167919817 93.957648776925893 92.718275008837068 15.500000000000002 48.397370043147738 89.687399291008717 41.277122469783031 94.957627118644083 94.008547008547026 86.240703177822866 48.500000000000007 41.280081925243223 18.500000000000004 71.516754850088191 34.297668858338319 89.323708206686945 65.771449170872401 92.907444668008068 99.504950495049513 80.982519590114535 45.674151842130847 43.085422864428402 60.910973084886145 81.530214424951282 96.249413970932977
decision_type=2 2 2 2 2 2 2 2 2 2 2 2 2 2 2 2 2 2 2 2 2 2 2 2 2 2 2 2 2 2
left_child=1 4 9 7 10 6 14 22 27 -3 18 16 13 20 21 23 -9 -8 -1 -11 -7 28 -4 -6 -17 -13 -10 -5 -2 -14
right_child=5 2 3 8 15 12 17 11 26 19 -12 25 29 -15 -16 24 -18 -19 -20 -21 -22 -23 -24 -25 -26 -27 -28 -29 -30 -31
leaf_value=-0.016632524893007948 -0.0072527500715720457 -0.029089291849429454 -0.015145436359615775 -0.0053997310539266544 0.03797772739985205 0.031801988358206613 0.038153811577578529 0.00057874942867414743 0.021347360969711664 0.028262787167378803 0.023573383640373965 -0.014426604979926332 0.039240508706889742 0.03960290766412819 0.030240147486894242 0.012595154569585673 0.031774044693062387 0.027444189371320579 0.0087035382084669263 -0.014103495541451226 0.037491831991024488 0.025541073321740632 0.088041727195304162 0.027224129957886489 0.023413269911953187 0.0059911495949443788 0.0015593272718703111 0.0332200569921473 0.01166594798611114 0.040601786060601483
leaf_weight=12142.13186619617 16176.531512737274 515954.48262432776 48720.639084939845 2984.3135635443032 51966.12113006413 429864.03134119511 350427.22128608823 11177.790723549202 22261.97334160842 4901.9069144045934 63081.650454640388 13616.205317392014 4075620.0687614232 900481.34361748397 45537.985318824649 55602.259311839938 26299.480203513987 79650.351223476231 115721.0403707996 19481.881736999378 319725.64318902791 19184.883009493351 554.03829383663833 402609.07241620123 179673.87227011472 82179.573734097183 26232.933060145006 71491.365715911612 26639.395555842668 3552742.5777431726
leaf_count=305276 68297 45572354 1638922 27009 28459 241754 122689 276433 63335 80811 79561 395985 1048256 224547 33417 137749 155360 65217 739143 681765 105509 21466 2646 414556 217864 705460 102945 94263 59960 724742
internal_value=0.0339111 0.00481443 -0.013975 0.0108801 0.0228586 0.0390293 0.0327682 0.00245972 0.0233797 -0.0280287 0.0120049 0.00853927 0.0393921 0.0371617 0.0191613 0.0258627 0.0224705 0.0361705 0.00629735 -0.00558512 0.034229 0.0110236 -0.0139831 0.0284536 0.0208568 0.00308874 0.0106437 0.0316723 0.00451781 0.0398745
internal_weight=1.15427e+07 1.72665e+06 845857 305518 880796 9.81605e+06 537616 182548 122971 540338 190945 133273 9.27843e+06 1.65007e+06 107539 689851 37477.3 430078 127863 24383.8 749590 62000.8 49274.7 454575 235276 95795.8 48494.9 74475.7 42815.9 7.62836e+06
internal_count=54435750 51719896 49797288 3462358 1922608 2715854 371046 3174806 287552 46334930 1123980 1533238 2344808 571810 183140 798628 431793 187906 1044419 762576 347263 149723 1641568 443015 355613 1101445 166280 121272 128257 1772998
is_linear=0
shrinkage=0.03


Tree=43
num_leaves=31
num_cat=0
split_feature=6 5 5 5 2 6 2 2 6 3 7 1 3 1 6 1 3 1 3 2 6 7 2 3 7 6 2 6 1 1
split_gain=1.84785e+06 616533 318329 33672.2 30656.7 25362.5 27203.9 19178.3 14302.8 14175 13744.6 13698.3 11759.1 28677.5 15323.2 11051.4 9901.68 9567 8554 8072.12 8026.38 7448.42 6875.75 6260.46 5679.34 5641.71 5685.56 5458.32 5344.31 4954.16
threshold=61.320007916089459 1.0000000180025095e-35 49.886877828054303 61.791443850267385 94.360822556709792 73.746867167919817 93.957648776925893 92.718275008837068 48.397370043147738 5.5000000000000009 15.500000000000002 77.015755329008357 4.5000000000000009 98.076211616722162 99.779735682819393 82.972848596410515 5.5000000000000009 81.302966101694935 4.5000000000000009 95.538971807628542 94.008547008547026 1.0000000180025095e-35 80.810147299509012 7.5000000000000009 24.500000000000004 93.039405684754527 77.303030303030326 93.039405684754527 85.867895545314909 84.273937856689926
decision_type=2 2 2 2 2 2 2 2 2 2 2 2 2 2 2 2 2 2 2 2 2 2 2 2 2 2 2 2 2 2
left_child=1 4 8 7 11 6 15 29 -3 -6 -5 -1 19 14 17 22 -8 23 -9 20 -7 27 -2 -14 -10 26 -23 -19 -11 -4
right_child=5 2 3 10 9 12 16 18 24 28 -12 -13 13 -15 -16 -17 -18 21 -20 -21 -22 25 -24 -25 -26 -27 -28 -29 -30 -31
leaf_value=-0.0093294691435627831 -0.014300614135317597 -0.029042987785058504 -0.023399226308945122 0.030830756043807275 0.027583752383286413 0.03481941395155539 0.03755928866408368 0.013030120010349845 -0.012177945188035201 -0.0048282047650918015 0.010304785509340149 0.014817531494013512 0.024932098890180807 0.038711697838801601 0.040488240964171689 0.024479845964305375 0.024858414914297074 0.024590302895643647 -0.0038173772720967183 0.039953518565808657 0.039464832799744727 0.03999183976607637 0.015470930713584579 0.0036789888137876182 0.025883415365809334 0.035408155495721391 0.023161815588967061 -0.013536426526485871 0.018577509937117841 -0.0042547519516278019
leaf_weight=24036.914519155398 12249.802420534194 501492.05302631576 24101.334837501869 74217.15732116811 529585.10439160466 606113.97260959446 358605.20259380341 95790.89093631506 19964.358493009582 9368.3862554356456 48584.904699835926 175589.81966788508 24720.79836602509 1447408.1224042624 87371.359924793243 78555.951542168856 65323.32975140959 7346.6545876711607 37834.273849049583 5925577.8000867963 748241.25051836669 21566.261594474316 16231.101967345923 25182.820886433125 4284.6060800766572 96943.590793251991 111452.41548393667 6256.0131630897522 139450.72216935456 24569.197689477354
leaf_count=488757 60631 45572354 1094620 121272 456582 248917 121870 876261 684801 92788 166280 649143 22209 387355 19448 83000 66036 6296 656977 1276708 179257 7813 39509 41901 77775 40599 101782 12523 235338 546948
internal_value=0.0334669 0.00471538 -0.0138089 0.0105674 0.022244 0.038564 0.0321901 0.00238725 -0.0279549 0.0252849 0.0227102 0.0119099 0.0389356 0.0367843 0.0294591 0.0186756 0.0356023 0.0261753 0.00825986 0.0394758 0.0373859 0.0286272 0.00266544 0.0142077 -0.00545139 0.0299032 0.0258909 0.0070546 0.017104 -0.0137356
internal_weight=1.1348e+07 1.70887e+06 830839 305098 878031 9.63915e+06 530965 182296 525741 678404 122802 199627 9.10818e+06 1.82825e+06 380840 107037 423929 293469 133625 7.27993e+06 1.35436e+06 243565 28480.9 49903.6 24249 229962 133019 13602.7 148819 48670.5
internal_count=54435750 51719896 49797288 3462358 1922608 2715854 371046 3174806 46334930 784708 287552 1137900 2344808 639926 252571 183140 187906 233123 1533238 1704882 428174 169013 100140 64110 762576 150194 109595 18819 328126 1641568
is_linear=0
shrinkage=0.03


Tree=44
num_leaves=31
num_cat=0
split_feature=6 4 6 2 6 2 2 0 4 3 3 1 6 6 1 3 4 1 1 2 6 1 3 2 0 2 3 0 0 0
split_gain=1.78966e+06 584432 302276 29538.5 25976.5 26831.8 24438.8 14266.1 13892.3 13843.7 12078.7 28927.8 15244.2 11109 10498.5 9943.73 9906.45 9314.49 8688.41 8297.18 8113.98 7636.16 7350.99 6864.07 6511.65 6476.34 6314.58 6276.84 6089.15 5430.6
threshold=61.320007916089459 1.0000000180025095e-35 47.925275482093667 94.360822556709792 73.746867167919817 93.957648776925893 94.360822556709792 89.687399291008717 57.5878787878788 5.5000000000000009 4.5000000000000009 98.076211616722162 99.779735682819393 44.405320813771525 82.972848596410515 5.5000000000000009 42.894540014958871 82.972848596410515 83.910792512943061 95.538971807628542 94.008547008547026 98.213716108452971 4.5000000000000009 77.303030303030326 77.84992784992788 80.810147299509012 7.5000000000000009 58.204833141542004 87.827672669250077 94.570024570024586
decision_type=2 2 2 2 2 2 2 2 2 2 2 2 2 2 2 2 2 2 2 2 2 2 2 2 2 2 2 2 2 2
left_child=1 3 13 7 5 14 18 21 16 -5 19 12 17 -3 25 -7 -8 24 -4 20 -6 27 -18 -19 -12 -2 -26 -1 -15 -20
right_child=4 2 6 9 10 15 8 -9 -10 -11 11 -13 -14 28 -16 -17 22 23 29 -21 -22 -23 -24 -25 26 -27 -28 -29 -30 -31
leaf_value=-0.021243237989762295 -0.013940224568573486 -0.027544165174104296 -0.015220703550188033 0.026936728709086939 0.034318627317575387 0.037044097318592907 0.02543002596072666 0.022505737489946886 0.032615553675977578 0.016576096294082385 0.021310516882166852 0.038262030974006295 0.040024820390875605 -0.020706408023736363 0.023874782269095344 0.024266415340544085 0.013404810573740097 0.039822156569673799 0.0043280509564412933 0.039544177379630535 0.039029717563677513 0.033355733233676452 -0.0052977787744590259 0.026032840046529879 0.018794240886795422 0.014984731884865229 -0.017837900551722633 0.0056268274208721844 0.00099094927658620801 0.064851948727601055
leaf_weight=8400.9540428612381 12190.434166431427 503871.91058118641 27495.483034289442 526089.94753994048 596653.43108478189 352773.18241713941 45397.458127793856 69503.448025144637 47349.837660720572 148948.52727529034 43183.967045247555 1420887.5524810851 85755.943056643009 31643.606813239865 78136.835536114872 64915.69273815304 71464.257134713233 39141.424319192767 43707.745656309649 5809071.4819149673 734099.44793121517 8395.3991058170795 25719.575604140759 191441.98889113963 7994.4663282781839 16254.673111606389 9003.7487095445395 113775.92953721434 18412.956465572119 1375.3244936103001
leaf_count=259230 60631 44617805 846096 456582 248917 121870 365001 86921 40698 328126 44601 387355 19448 2031255 83000 66036 351974 11889 500686 1276708 179257 9588 290926 146567 8557 39509 21509 782161 750892 1955
internal_value=0.0330392 0.00461766 -0.0136388 0.02165 0.0381205 0.0316299 0.0128776 0.0115258 0.018536 0.0246507 0.0385012 0.0363028 0.0289091 -0.0262051 0.0181939 0.0350583 0.0138601 0.0256305 -0.00192967 0.0390546 0.0369175 0.005681 0.00845504 0.0283738 0.0151195 0.00258807 -0.000608386 0.00377894 -0.012725 0.00617615
internal_weight=1.11531e+07 1.69155e+06 816438 875114 9.4615e+06 524271 262510 200076 189931 675038 8.93723e+06 1.79741e+06 376522 553928 106582 417689 142581 290766 72578.6 7.13982e+06 1.33075e+06 130572 97183.8 230583 60182.2 28445.1 16998.2 122177 50056.6 45083.1
internal_count=54435750 51719896 49797288 1922608 2715854 371046 2397336 1137900 1048599 784708 2344808 639926 252571 47399952 183140 187906 1007901 233123 1348737 1704882 428174 1050979 642900 158456 74667 100140 30066 1041391 2782147 502641
is_linear=0
shrinkage=0.03


Tree=45
num_leaves=31
num_cat=0
split_feature=5 5 5 5 2 2 2 2 3 0 0 3 1 7 5 3 3 0 1 5 1 2 1 0 5 1 1 3 1 2
split_gain=1.58268e+06 595721 237284 40804 28302.4 27323.9 19942.3 15816.9 13567.5 13497.3 12143.3 11756.6 28488.3 11377.8 10026.6 8885.39 8824.44 7414.08 7196.54 7124.6 6926.13 6570.82 6562.89 6512.45 6334 6025.64 6021.63 6588.92 5979.91 5819.24
threshold=56.536731634182921 1.0000000180025095e-35 48.397370043147738 64.480286738351268 94.360822556709792 91.61646586345384 94.360822556709792 94.570024570024586 5.5000000000000009 89.687399291008717 88.774341351660951 4.5000000000000009 97.100840336134453 24.500000000000004 45.426659230340228 4.5000000000000009 4.5000000000000009 87.138130686517798 98.213716108452971 97.999911107160344 96.590468810538582 99.504950495049513 97.259759759759774 88.203668564199887 98.561076604554884 71.010186757215635 98.902540856495293 4.5000000000000009 84.475743348982789 79.095323281369801
decision_type=2 2 2 2 2 2 2 2 2 2 2 2 2 2 2 2 2 2 2 2 2 2 2 2 2 2 2 2 2 2
left_child=1 4 14 7 9 17 10 23 -6 18 13 -8 21 19 -3 -9 -7 -4 25 26 -18 -13 -17 -2 -23 -1 27 -5 -29 -30
right_child=3 2 5 6 8 16 11 15 -10 -11 -12 12 -14 -15 -16 22 20 -19 -20 -21 -22 24 -24 -25 -26 -27 -28 28 29 -31
leaf_value=-0.015734866928510002 0.012209432881590128 -0.028884143638740908 -0.014238468676275201 0.032880608071745851 0.026309592286896444 0.022397563735407647 0.03896509422832449 0.033963154087907989 0.016051774133706818 0.021874384078040116 0.037507237662459059 0.03790942482427382 0.037285098098473086 0.019761413609684045 -0.015729992514420348 0.0010121503071515638 -0.016618221689622539 0.019460286028611863 0.032381703326863132 0.038852346609329985 0.012967791188314063 0.016902139956615575 0.026101866166928427 0.027642706399770674 0.037570485067158953 0.0059446598558889948 0.041003593391462839 0.014737740708201707 0.038253916758065089 0.024531715795320919
leaf_weight=12896.711966909468 62152.911262638867 434361.73057855852 36844.349844175391 383368.98143942282 522525.72458891571 110350.7546972055 5932425.601876013 298035.82087374479 149195.59629257023 69366.322752662003 701479.8204286918 21467.722979366779 1328289.4020734578 61851.17069060728 59278.82437317539 10883.72921157442 9434.7857060013339 6989.4738784199581 8388.6163693666458 156344.94413620234 29028.956405624747 95832.009751737118 68113.030281998217 40744.674726460129 15505.679848372936 109463.4491334334 56439.529302097857 35114.039621606469 39824.928127747029 92313.803617525846
leaf_count=322913 416501 41301650 1596129 196240 456582 1034353 1384479 226957 328126 86921 211153 7514 403873 97036 4241847 61469 300666 85841 9588 38427 447376 117444 113502 56847 5115 718478 11995 67063 14684 74981
internal_value=0.0326265 0.00462299 -0.0162847 0.0372682 0.021081 0.0119527 0.0377267 0.0287467 0.0240313 0.0111777 0.034605 0.0383713 0.0359605 0.032138 -0.0273046 0.0315919 0.0180845 -0.00886441 0.00550253 0.0331407 0.00570999 0.0227118 0.0226454 0.0183209 0.019781 0.00365941 0.0316696 0.0307127 0.0257434 0.0286678
internal_weight=1.09583e+07 1.55813e+06 686289 9.40019e+06 871836 192648 8.92026e+06 479930 671721 200115 1.52674e+06 7.39352e+06 1.46109e+06 825257 493641 377033 148814 43833.8 130749 763406 38463.7 132805 78996.8 102898 111338 122360 607061 550622 167253 132139
internal_count=54435750 50930470 49007862 3505280 1922608 3464365 2630004 875276 784708 1137900 711579 1918425 533946 500426 45543497 401928 1782395 1681970 1050979 403390 748042 130073 174971 473348 122559 1041391 364963 352968 156728 89665
is_linear=0
shrinkage=0.03


Tree=46
num_leaves=31
num_cat=0
split_feature=6 4 5 5 6 1 3 1 3 1 6 3 1 6 7 4 7 1 3 3 6 7 4 5 7 3 6 6 3 7
split_gain=1.69357e+06 530770 286785 29781.1 27556.2 19838.8 19753.9 19651.2 27154.5 18106.1 14275.5 12667 29334.3 15348 11058.8 10868.3 10236.5 8958.63 7949.28 7812.37 7761.01 7331.09 7323.67 6135.3 6411.39 5882.45 5834.92 5265.73 4901.6 4791.71
threshold=61.320007916089459 1.0000000180025095e-35 49.886877828054303 63.47680097680098 73.746867167919817 88.185443668993031 2.5000000000000004 87.007672634271117 3.5000000000000004 85.540069686411172 48.397370043147738 4.5000000000000009 98.076211616722162 99.779735682819393 16.500000000000004 41.277122469783031 44.500000000000007 81.302966101694935 1.5000000000000002 4.5000000000000009 46.008849557522133 1.0000000180025095e-35 34.297668858338319 58.363746958637471 11.500000000000002 7.5000000000000009 93.039405684754527 93.039405684754527 9.5000000000000018 19.500000000000004
decision_type=2 2 2 2 2 2 2 2 2 2 2 2 2 2 2 2 2 2 2 2 2 2 2 2 2 2 2 2 2 2
left_child=1 7 10 9 5 6 29 8 -1 18 -3 -6 13 17 -5 20 -9 25 -4 -7 -11 27 -12 -17 -25 -13 -23 -19 -18 -2
right_child=4 2 3 14 11 19 -8 16 -10 15 22 12 -14 -15 -16 23 28 21 -20 -21 -22 26 -24 24 -26 -27 -28 -29 -30 -31
leaf_value=0.019530636155503107 0.033067817026497831 -0.028906653612678631 0.0034991177366712153 0.031064844608432694 0.038274307819477625 0.035314822160175875 -0.0011477675580121682 0.025187559032236084 -0.010478338554576548 0.0050570574839328064 0.027356249667753869 0.023469335587833515 0.037428383949369294 0.039256347965842327 0.010252998659140068 -0.0027468735618731231 0.019228819673844214 0.02288047220176433 -0.022960616490678053 0.025166360966422194 0.031321208403490411 0.024192068048963906 -0.01361741556405143 0.019399323889324319 -0.0025975927597828301 0.0027289830959059554 0.034036794502494576 -0.014957858838069446 0.0057890863255740301 0.012662789121550716
leaf_weight=79619.702618223615 43774.04124931246 462384.8951219758 15606.070796068758 59964.265036705881 6862007.4997558743 335090.98175130785 32115.269995138049 451438.79623102769 41169.680670248345 16941.314130118117 4948.7798552690074 24260.656742334366 1368473.6385524869 82848.493734285235 37261.538965653628 69394.099393060431 269350.86436952651 7159.6588788181543 29594.819931310602 85767.754825785756 25176.573202663101 129643.681036219 18981.035121063702 31216.640697143972 19294.755530560389 24982.990898445249 93139.218517050147 6154.1651575118303 26863.139745723456 13573.638641864061
leaf_count=367760 30926 45572354 284893 79873 1704882 130553 114117 499796 598114 387743 80811 22209 387355 19448 116206 1118050 377043 6296 1211108 75246 91340 109595 681765 82183 90962 41901 40599 12523 79895 20204
internal_value=0.0322153 0.00433892 -0.0134427 0.00939099 0.037293 0.0305195 0.0176895 0.02053 0.00930229 0.00296393 -0.0277373 0.037695 0.0354059 0.0278887 0.0230891 0.0076478 0.0223439 0.024588 -0.0138249 0.0332467 0.0207576 0.0270157 -0.00514248 0.00304261 0.0109966 0.0129476 0.0283081 0.00538919 0.0180101 0.0282387
internal_weight=1.07682e+07 1.65921e+06 790765 304450 9.10899e+06 510322 89462.9 868442 120789 207224 486315 8.59867e+06 1.73666e+06 368189 97225.8 162023 747653 285340 45200.9 420859 42117.9 236097 23929.8 119905 50511.4 49243.6 222783 13313.8 296214 57347.7
internal_count=54435750 51719896 49797288 3462358 2715854 371046 165247 1922608 965874 3266279 46334930 2344808 639926 252571 196079 1770278 956734 233123 1496001 205799 479083 169013 762576 1291195 173145 64110 150194 18819 456938 51130
is_linear=0
shrinkage=0.03


Tree=47
num_leaves=31
num_cat=0
split_feature=6 5 5 6 5 2 2 2 6 3 3 1 6 1 7 3 1 2 6 3 1 2 7 6 2 1 3 7 6 1
split_gain=1.64359e+06 503236 278212 28193.3 28111.2 27205.9 27092.8 17806.6 14275.2 13288.2 13005.1 29630.1 15163.3 11226.3 10569.3 10167 9618.88 9150.63 8723.31 8609.97 8199.56 6718.36 7246.27 6130.39 6051.26 5889.15 5603.92 5233.44 4960.7 4714.32
threshold=61.320007916089459 1.0000000180025095e-35 49.886877828054303 73.746867167919817 63.47680097680098 94.360822556709792 93.957648776925893 94.570024570024586 48.397370043147738 5.5000000000000009 4.5000000000000009 96.449579831932795 99.779735682819393 77.015755329008357 16.500000000000004 5.5000000000000009 82.972848596410515 95.538971807628542 94.008547008547026 4.5000000000000009 81.302966101694935 77.303030303030326 1.0000000180025095e-35 93.039405684754527 79.337712096332794 83.910792512943061 7.5000000000000009 24.500000000000004 93.039405684754527 83.6786469344609
decision_type=2 2 2 2 2 2 2 2 2 2 2 2 2 2 2 2 2 2 2 2 2 2 2 2 2 2 2 2 2 2
left_child=1 5 8 6 7 13 16 25 -3 -7 17 12 20 -1 -6 -8 24 18 -5 -9 26 -22 28 -24 -2 -4 -12 -10 -23 -11
right_child=3 2 4 10 14 9 15 19 27 29 11 -13 -14 -15 -16 -17 -18 -19 -20 -21 21 22 23 -25 -26 -27 -28 -29 -30 -31
leaf_value=-0.0090698463526387198 -0.015886335410037984 -0.028857409627066399 -0.021645750503564719 0.032838911897700732 0.030287106479517704 0.025186652115420774 0.035654337808395845 0.013286399011658456 -0.011660638383186912 -0.0082573425956219328 0.022932167051411441 0.036951411216994974 0.038848915779491025 0.012899373695061275 0.0099306267553266117 0.022551415138139425 0.021975792548917465 0.038436596815726823 0.037858451965630646 -0.0029379190693904307 0.038164578905011737 0.019315843047282604 0.020611018415456123 0.032178838840127788 0.012530270429385397 -0.0028801229136173694 0.0026487414338925361 0.024765537624583719 -0.021551871711458261 0.016244438369052438
leaf_weight=23741.394378985278 10999.598190125078 449473.59309160989 25382.134226976894 566764.03277309239 59663.566909130663 515496.83345931768 335404.64899039268 103292.97421628237 19464.965644310229 7436.4137462675571 24086.757783979177 1364051.9509297907 76435.361392751336 176940.88669180125 37316.187030371279 63381.892147019506 76412.169331662357 5463739.842598781 692567.85431484878 41169.632459789515 35318.19363296032 5635.6733086705208 100363.0708193779 70009.866953104734 17430.292475484312 36983.170533949509 24967.907839342952 4340.3613337632269 5083.4052996784449 141946.28274299204
leaf_count=488757 56523 45572354 1135314 248917 79873 456582 121870 807914 684801 80301 22209 397725 18353 649143 116206 66036 83000 1276708 179257 647993 11645 5596 96446 34564 43617 675058 41901 77775 11487 247825
internal_value=0.0318278 0.00424813 -0.0132765 0.0368995 0.00912788 0.0199815 0.0300041 0.00287894 -0.0276584 0.0229035 0.0373115 0.0349719 0.0270744 0.0103002 0.0224546 0.0335719 0.0164331 0.0379052 0.0355994 0.00866262 0.023684 0.0261943 0.0238595 0.0253647 0.00153511 -0.010518 0.0126089 -0.00501776 -6.40251e-05 0.0150246
internal_weight=1.05753e+07 1.64265e+06 777087 8.93265e+06 303808 865562 503629 206828 473279 664880 8.42902e+06 1.70595e+06 341900 200682 96979.8 398787 104842 6.72307e+06 1.25933e+06 144463 265465 216410 181092 170373 28429.9 62365.3 49054.7 23805.3 10719.1 149383
internal_count=54435750 51719896 49797288 2715854 3462358 1922608 371046 3266279 46334930 784708 2344808 639926 242201 1137900 196079 187906 183140 1704882 428174 1455907 223848 159738 148093 131010 100140 1810372 64110 762576 17083 328126
is_linear=0
shrinkage=0.03


Tree=48
num_leaves=31
num_cat=0
split_feature=6 4 5 6 0 6 2 2 6 3 6 4 4 4 3 0 2 5 6 0 4 4 2 3 0 2 2 3 6 3
split_gain=1.59605e+06 477282 269926 28820.5 27137.2 26989.3 26710 17361.6 14276.4 13354.2 16949.4 12615.8 14092.2 10780.1 10355.3 9711.44 9404.5 9169.53 8846.14 8131.43 6817 6017.81 5267.4 7079.17 4254.71 4181.6 3888.91 3511.75 3498.8 3453.58
threshold=61.320007916089459 1.0000000180025095e-35 49.886877828054303 73.746867167919817 87.29833546734956 51.176633444075314 94.360822556709792 82.637681159420296 48.397370043147738 4.5000000000000009 94.008547008547026 59.663271080928133 45.013089005235607 38.337651122625225 5.5000000000000009 86.240703177822866 95.419580419580441 61.00492847698041 94.008547008547026 87.29833546734956 34.297668858338319 65.771449170872401 95.861872146118728 6.5000000000000009 91.2662090007628 95.101959216313489 95.538971807628542 1.5000000000000002 99.779735682819393 12.500000000000002
decision_type=2 2 2 2 2 2 2 2 2 2 2 2 2 2 2 2 2 2 2 2 2 2 2 2 2 2 2 2 2 2
left_child=1 4 8 6 7 13 15 -1 -3 16 -11 12 -7 27 -8 21 18 26 24 -15 -10 -2 -9 -24 -5 -19 -14 -4 -12 -25
right_child=3 2 5 9 -6 11 14 22 20 10 28 -13 17 19 -16 -17 -18 25 -20 -21 -22 -23 23 29 -26 -27 -28 -29 -30 -31
leaf_value=-0.0053671004190440621 0.0023761459138893219 -0.028807322510888078 0.026691938523208055 0.030042796219825925 0.023605823745460948 0.025860242725491124 0.035307528172731542 0.0084621799822436981 0.026089014095189475 0.03093123443792762 0.035106696390743854 0.030791338471433744 -0.013530887769365021 -0.018398654773435139 0.02198667483943503 0.026751007595147737 0.038093139419641313 0.0012390309202846192 0.03748855378067284 0.0010500778694868813 -0.01325261194741832 0.022739661923876067 0.024758625479978553 0.016259773687183073 0.035367616822575804 0.019874635577276742 0.0030390657533956476 0.004355190260243098 0.038693066760743709 0.0049882495961859341
leaf_weight=42024.106508637778 43185.326878342777 436936.69696594961 10266.318015877157 311224.91033890843 536444.30804475397 45158.136876007542 326539.22009731829 74811.344788048416 5032.2474696077406 686712.28893975914 448246.36490912735 38407.910426212475 18355.407747689635 40713.031843285076 62604.81331397593 45855.775947414339 5364223.3777427822 14785.940192520618 670512.55843676627 36864.283294257708 18656.341154060327 18724.245308727026 79883.884439237416 96266.319021739066 238802.71257038414 40591.432674828917 41716.732819816098 16545.336309218779 540405.77857707441 32808.248034849763
leaf_count=651095 129058 45572354 135196 164650 507772 169826 119312 372907 80811 358821 158443 44586 322059 1476858 65569 35514 1281134 90002 177261 561408 681765 21593 97916 195752 81837 59429 226384 376610 122662 97166
internal_value=0.031453 0.00415948 -0.0131057 0.0365216 0.0194582 0.00886534 0.0295044 0.0126286 -0.0275776 0.0369438 0.0345521 0.0153456 0.0116516 -0.00348894 0.0331646 0.0162868 0.0375523 0.00609353 0.0351751 -0.00915664 -0.00489375 0.0085355 0.0152937 0.0177394 0.0323547 0.0148993 -0.00202388 0.0129093 0.0370671 0.0133949
internal_weight=1.03833e+07 1.62627e+06 764030 8.75704e+06 862238 303405 496909 325794 460625 8.26013e+06 1.67536e+06 199016 160608 104389 389144 107765 6.58476e+06 115450 1.22054e+06 77577.3 23688.6 61909.6 283770 208958 550028 55377.4 60072.1 26811.7 988652 129075
internal_count=54435750 51719896 49797288 2715854 1922608 3462358 371046 1414836 46334930 2344808 639926 912286 867700 2550072 184881 186165 1704882 697874 423748 2038266 762576 150651 763741 390834 246487 149431 548443 511806 281105 292918
is_linear=0
shrinkage=0.03


Tree=49
num_leaves=31
num_cat=0
split_feature=6 4 5 6 2 0 5 0 2 6 3 1 6 3 4 2 0 2 6 6 4 4 4 3 1 1 0 1 2 3
split_gain=1.55016e+06 452815 261862 29422.6 26332.2 26211.8 25603.7 17207.6 16300.1 14269.2 13808.9 31196 15577.6 10398.4 9953.32 9662.55 9333.18 9172.59 8957.67 8061.73 7430.55 6442.83 5710.39 5632.57 5822.45 5606.4 5067.09 10248.1 5019.12 6747.37
threshold=61.320007916089459 1.0000000180025095e-35 49.886877828054303 73.746867167919817 94.360822556709792 87.29833546734956 64.480286738351268 72.377109317681587 82.637681159420296 48.397370043147738 4.5000000000000009 98.076211616722162 99.779735682819393 5.5000000000000009 41.517428845538866 95.419580419580441 86.240703177822866 99.504950495049513 94.008547008547026 42.080668962124946 54.769487412799528 35.319472616632865 65.771449170872401 4.5000000000000009 92.031746031746039 84.475743348982789 80.810147299509012 81.302966101694935 95.861872146118728 6.5000000000000009
decision_type=2 2 2 2 2 2 2 2 2 2 2 2 2 2 2 2 2 2 2 2 2 2 2 2 2 2 2 2 2 2
left_child=1 5 9 4 16 8 7 -4 -1 -3 15 12 17 -6 19 18 22 25 -5 -9 -16 -11 -2 -8 -25 -12 -19 -28 -10 -30
right_child=3 2 6 10 13 -7 23 14 28 21 11 -13 -14 -15 20 -17 -18 26 -20 -21 -22 -23 -24 24 -26 -27 27 -29 29 -31
leaf_value=-0.0052280384797428739 0.0023042793850062554 -0.028756353658946871 -0.0135787254886694 0.031922704504183885 0.03487470735993467 0.023052441513759514 0.027424943752621219 8.6010032023465475e-05 0.0081753362616698907 0.021735633054201668 0.01585499341887274 0.036298623308399967 0.03808963026562262 0.021470024652244134 -0.0010346448356919695 0.037768752446640096 0.026204242734555794 0.02270205987582934 0.037136885888224738 0.027501648260981188 0.015295610591550317 -0.014053715307167447 0.022176963495876147 -0.016549344937573141 0.019158244374209349 0.02898652496840344 -0.032611872995889066 0.012881804278554771 0.024086221821270643 0.012983672675830525
leaf_weight=41850.363014857285 43196.101596105844 424763.57613470871 43657.161951846443 540887.43235637248 320761.69890573621 532896.40452606231 61748.287313498557 13708.068442619406 75108.545229177922 6110.4373047435656 36022.632533341646 1291113.0586009324 77994.373974353075 62194.291702017188 96507.782414275222 5249718.4285257161 45414.951115518808 38313.253204151988 656764.21771328151 32642.628397658467 33879.221196901985 17459.176269211806 18624.902965754271 5678.0454610474408 14871.05095820874 156127.90746337175 5000.6993562728167 40868.598697155714 79654.065726958215 129167.06694633141
leaf_count=651095 129058 45572354 1317654 246487 119312 507772 80677 355608 372907 110886 41030 387355 19448 65569 1335773 1281134 35514 35225 177261 198262 101312 651690 21593 46169 26903 93832 14283 48753 97916 292918
internal_value=0.031089 0.00407355 -0.01294 0.0361556 0.0290184 0.0189542 0.00861896 0.00328716 0.0122503 -0.0274956 0.0365879 0.0341346 0.0262491 0.0326978 0.00745346 0.037214 0.0158782 0.022907 0.0347821 0.0193941 0.00320851 -0.00477414 0.00829186 0.0228973 0.00929061 0.0265249 0.0146486 0.00792113 0.0148267 0.0172189
internal_weight=1.01927e+07 1.6097e+06 751025 8.583e+06 490192 858676 302692 220395 325780 448333 8.09281e+06 1.64544e+06 354327 382956 176738 6.44737e+06 107236 276333 1.19765e+06 46350.7 130387 23569.6 61821 82297.4 20549.1 192151 84182.6 45869.3 283930 208821
internal_count=54435750 51719896 49797288 2715854 371046 1922608 3462358 3308609 1414836 46334930 2344808 639926 252571 184881 1990955 1704882 186165 233123 423748 553870 1437085 762576 150651 153749 73072 134862 98261 63036 763741 390834
is_linear=0
shrinkage=0.03


Tree=50
num_leaves=31
num_cat=0
split_feature=6 4 6 6 0 1 1 3 3 7 3 1 6 4 4 0 1 7 6 7 1 7 3 0 6 3 0 4 0 6
split_gain=1.50683e+06 429579 247873 30044.9 25324 21454.3 19580.5 18336 15875 14237.6 14177.5 31474.8 15521.1 12831.2 10724.7 9591.99 8504.28 8123 8102.68 7723.21 8524.86 6966.62 6503.41 6246.12 6074.48 5935.44 7429.97 5079.82 4822.53 6023.39
threshold=61.320007916089459 1.0000000180025095e-35 46.905065985525759 73.746867167919817 87.29833546734956 87.138130686517798 88.185443668993031 2.5000000000000004 2.5000000000000004 34.500000000000007 4.5000000000000009 98.076211616722162 99.779735682819393 57.5878787878788 40.08032128514057 55.351882160392812 83.752357008170975 18.500000000000004 39.913419913419922 46.500000000000007 93.643953676272574 1.0000000180025095e-35 2.5000000000000004 77.232854864433818 93.039405684754527 7.5000000000000009 82.574189095928233 34.217562623135386 95.945205479452071 94.008547008547026
decision_type=2 2 2 2 2 2 2 2 2 2 2 2 2 2 2 2 2 2 2 2 2 2 2 2 2 2 2 2 2 2
left_child=1 4 9 6 15 8 7 -2 -4 -3 28 12 16 14 -7 -1 25 -8 -11 -6 22 -18 -21 -16 -23 -12 -27 -20 29 -5
right_child=3 2 5 10 19 13 17 -9 -10 18 11 -13 -14 -15 23 -17 21 -19 27 20 -22 24 -24 -25 -26 26 -28 -29 -30 -31
leaf_value=-0.01755845576478543 0.026175723071387366 -0.028379185933187664 0.01041338915542539 0.034695828115844124 0.025168368746770517 0.024160461238597452 0.033480602526676929 -0.0023400524932291533 -0.020186414048136148 -0.019409839050588695 0.022343925284814395 0.035941892191941396 0.03773422754925379 0.028119736369134708 -0.01160570560081679 0.012782734593682489 0.0032243020463770941 0.022606766503335606 0.030706487529687302 0.014861305765455043 0.019784270035201886 0.022294685800729339 -0.01981286066384506 0.0087275704088558108 0.032965081686182493 0.010899291108841311 -0.025349027701002901 -0.0061122701145439277 0.037731118309351962 0.037302531640637501
leaf_weight=9662.9073059884831 55115.800573959947 388618.15800566226 29115.423136539757 1512000.4164535999 344491.15183117986 39269.517770159058 319587.74582718313 32120.281896449625 32058.792563221417 61430.401743840426 30427.813584849238 1265202.2034547627 76391.366847291589 48377.808005128056 15569.86767693609 316121.55015899986 12084.538283124566 76684.229469254613 4661.186417479068 10542.984969347715 165253.58919115365 116661.71701076627 9042.7631261125207 107227.30185666867 81640.468631148338 26565.087070137262 6294.1022902280092 12189.562516025268 3108479.6254599392 1690605.9539190978
leaf_count=228673 51130 40879563 420712 523601 281158 365908 139023 114117 1064476 5289401 27545 387355 19448 47948 244219 1186163 17553 66776 131756 15656 179288 100276 31670 827988 35521 35802 16426 525317 748354 432927
internal_value=0.0307358 0.00398864 -0.0127716 0.0358043 0.0184636 0.0100154 0.0285438 0.0156762 -0.00562248 -0.0260279 0.0362472 0.033739 0.0257774 0.0145612 0.0105137 0.0118827 0.0224396 0.0313765 -0.0143548 0.0225138 0.0175663 0.0253402 -0.00114723 0.00614925 0.0266879 0.0127967 0.00395499 0.00407271 0.0368891 0.0360719
internal_weight=1.00035e+07 1.59363e+06 738518 8.40986e+06 855115 271619 483508 87236.1 61174.2 466899 7.92635e+06 1.61527e+06 350065 210444 162067 325784 273674 396272 78281.2 529330 184839 210387 19585.7 122797 198302 63287 32859.2 16850.7 6.31109e+06 3.20261e+06
internal_count=54435750 51719896 49797288 2715854 1922608 2971251 371046 165247 1485188 46826037 2344808 639926 252571 1486063 1438115 1414836 233123 205799 5946474 507772 226614 153350 47326 1072207 135797 79773 52228 657073 1704882 956528
is_linear=0
shrinkage=0.03


Tree=51
num_leaves=31
num_cat=0
split_feature=6 4 6 6 2 2 2 2 6 7 3 4 3 3 1 1 1 4 6 6 1 3 2 2 6 7 1 4 7 1
split_gain=1.46601e+06 407395 239786 30736.6 26238.9 24638.3 21194.9 14555.5 15517.9 14337.3 12213.3 11879.3 10664.9 10605.7 26451.8 9425.19 8668.94 8260.45 7886.19 7833.63 7435.91 6337.48 6162.5 5734.72 5299.34 4989.81 4791.15 4694.06 4599.1 4413.22
threshold=61.320007916089459 1.0000000180025095e-35 46.905065985525759 73.746867167919817 94.360822556709792 94.360822556709792 94.360822556709792 94.957627118644083 94.008547008547026 34.500000000000007 5.5000000000000009 57.5878787878788 5.5000000000000009 4.5000000000000009 97.100840336134453 77.015755329008357 82.972848596410515 42.894540014958871 99.779735682819393 39.913419913419922 83.910792512943061 5.5000000000000009 99.504950495049513 80.810147299509012 94.008547008547026 20.500000000000004 97.100840336134453 34.217562623135386 1.0000000180025095e-35 83.6786469344609
decision_type=2 2 2 2 2 2 2 2 2 2 2 2 2 2 2 2 2 2 2 2 2 2 2 2 2 2 2 2 2 2
left_child=1 5 9 4 16 15 20 8 -5 -3 -7 17 25 -9 18 -1 23 -8 22 -11 -4 -19 -15 -2 -16 -6 -14 -21 -24 -12
right_child=3 2 6 7 12 10 11 13 -10 19 29 -13 26 14 24 -17 -18 21 -20 27 -22 -23 28 -25 -26 -27 -28 -29 -30 -31
leaf_value=-0.0089922569248579668 -0.014791478758003802 -0.028310518410920523 -0.015737138439693255 0.029766157798423648 0.03566693730632671 0.023063740925300308 0.021120229180502815 0.037146615590653145 0.036083468350229402 -0.019178007367393526 -0.0089583416412782682 0.028502642991690263 0.0011866339450061335 0.037517168899137372 0.032854163124770609 0.011174112295545583 0.020140646649741668 0.010255316791930388 0.036706471552255517 0.029217806174530982 0.0035964706342928683 -0.0073142039379745696 -0.013562732750171533 0.01232989486499108 0.037024274396759267 0.024877017381885913 0.024056746911836575 -0.0059582492503133157 0.015626514235915732 0.014489001295429595
leaf_weight=23631.482264353894 12172.523814089596 378033.79046369437 28716.557892455719 651841.48039251566 264645.81422586739 500938.04789759219 48399.09882838279 5071223.4933815151 755868.38767945766 60324.654501860961 7610.2382275462151 44928.051749210805 9823.3241404592991 11191.83842150867 441182.89533738792 177646.28879879229 77275.608135655522 77438.927559475414 21671.078293979168 4750.3667943282053 47545.017512803897 24265.858911415562 5182.0552100837231 16562.763609565794 725837.62428933382 45179.92059481144 51330.679003432393 12130.459096948616 77426.928318068385 142047.57096696645
leaf_count=488757 60631 40879563 1043233 347263 86818 456582 506694 1296010 224547 5289401 80301 41243 23262 3447 178207 649143 85345 440725 6144 131756 618944 320412 10735 40189 191441 32494 42307 525317 87014 247825
internal_value=0.0303898 0.00390384 -0.0125998 0.0354643 0.0280723 0.0179792 0.00972588 0.0359186 0.0331583 -0.0259045 0.020817 0.0149693 0.0318337 0.0365302 0.0340926 0.00880633 0.0149093 0.0109184 0.0203951 -0.014123 -0.00368358 0.00606321 0.0166261 0.000840402 0.0354478 0.0340936 0.0203834 0.00394076 0.0137952 0.0132965
internal_weight=9.81682e+06 1.57841e+06 726533 8.23842e+06 476991 851874 271294 7.76143e+06 1.40771e+06 455239 650596 195032 370980 6.35372e+06 1.28249e+06 201278 106011 150104 115472 77205.5 76261.6 101705 93800.8 28735.3 1.16702e+06 309826 61154 16880.8 82609 149658
internal_count=54435750 51719896 49797288 2715854 371046 1922608 2971251 2344808 571810 46826037 784708 1309074 184881 1772998 476988 1137900 186165 1267831 107340 5946474 1662177 761137 101196 100820 369648 119312 65569 657073 97749 328126
is_linear=0
shrinkage=0.03


Tree=52
num_leaves=31
num_cat=0
split_feature=5 4 5 5 2 0 2 2 2 4 3 1 0 4 3 0 5 5 1 7 1 0 3 2 1 3 5 1 2 5
split_gain=1.2892e+06 377945 241945 35691 28526.4 24244.7 19959.5 18411.8 14683.5 13793.2 12311.2 27410.8 11601.8 10405 10245.4 8343.97 7858.99 7656.92 7595.52 7548.67 8018.54 6830.12 6137.67 6121.11 5977.5 6279.31 5831.99 5571.02 5683.91 5421.99
threshold=57.821912650602414 1.0000000180025095e-35 47.512376237623762 66.915422885572156 91.922957440198829 87.29833546734956 94.360822556709792 94.360822556709792 82.637681159420296 42.770931035736368 4.5000000000000009 97.100840336134453 88.774341351660951 43.97534439864841 5.5000000000000009 86.240703177822866 97.999911107160344 52.479508196721319 97.259759759759774 46.500000000000007 93.643953676272574 88.774341351660951 2.5000000000000004 99.504950495049513 98.902540856495293 4.5000000000000009 98.561076604554884 84.475743348982789 79.095323281369801 44.908872639965089
decision_type=2 2 2 2 2 2 2 2 2 2 2 2 2 2 2 2 2 2 2 2 2 2 2 2 2 2 2 2 2 2
left_child=1 5 29 7 15 8 12 21 -1 -6 -8 23 13 -5 -9 -4 24 -11 -16 -7 22 -2 -21 -12 25 -15 -25 -27 -29 -3
right_child=3 2 4 6 9 19 10 14 -10 17 11 -13 -14 16 18 -17 -18 -19 -20 20 -22 -23 -24 26 -26 27 -28 28 -30 -31
leaf_value=-0.0054444504577851431 0.013333684386428887 -0.028723214733026067 -0.014162370229816279 0.0083533416958781418 0.025109494354491179 0.024178111000791491 0.036726212404524804 0.03261080339092462 0.013548304371764462 -0.0056642824246626285 0.03543538490885767 0.034833090376786037 0.035050520943696865 0.029658235256075523 0.0003034532718426123 0.014666609167284678 0.036411033835665366 0.01340103050649169 0.025103672191715106 0.014034772884199315 0.01878677038716212 0.027031820158229237 -0.019693107636403116 0.013827497304894288 0.038444717011961831 0.011484437328688606 0.034829462165691431 0.035304686178400727 0.021115143441865093 -0.017722937650757307
leaf_weight=42049.460685272701 87675.560565192252 351294.79656392895 44437.443273996934 20614.050666317344 84615.853003088385 338788.11231888831 4931458.1070541665 439391.89321802929 284425.85592262074 25058.328338236548 18682.822466209531 1121337.5023881346 593153.86171282083 343060.51655618846 12839.925476815552 11340.342955442145 137066.77959237993 77866.529325834475 82767.325078681111 10507.982668042183 163526.50574705005 52314.596322592348 9025.8371339067817 86209.399471201003 48369.456054903567 33204.844488922507 13806.764412105083 36238.374178484082 85074.984467029572 45572.064369189553
leaf_count=651095 383143 40480774 2145249 39911 1059683 281158 1318280 254883 763741 838194 6943 379110 198120 191063 54713 158697 38766 473156 103093 15656 179288 53603 31670 105988 11723 60155 5115 14504 73348 4064928
internal_value=0.0300537 0.00438218 -0.0130193 0.0347462 0.0105344 0.0175142 0.0353433 0.0281396 0.011102 0.0161364 0.0360542 0.0333819 0.0319597 0.0293541 0.0306741 -0.00830064 0.0299879 0.00875919 0.0217732 0.0215257 0.0166167 0.018453 -0.00154904 0.0196722 0.0283752 0.0273962 0.0167272 0.0223739 0.0253542 -0.0274601
internal_weight=9.63178e+06 1.48851e+06 640185 8.14327e+06 243318 848324 7.46828e+06 674989 326475 187541 6.17149e+06 1.24004e+06 1.29678e+06 703629 534999 55777.8 683015 102925 95607.3 521848 183060 139990 19533.8 118699 545948 497579 100016 154518 121313 396867
internal_count=54435750 51143289 49220681 3292461 4674979 1922608 2443026 849435 1414836 2371033 1815436 497156 627590 429470 412689 2303946 389559 1311350 157806 507772 226614 436746 47326 118046 350793 339070 111103 148007 87852 44545702
is_linear=0
shrinkage=0.03


Tree=53
num_leaves=31
num_cat=0
split_feature=5 4 5 5 1 0 3 1 3 1 4 3 5 1 5 0 7 7 1 7 0 4 3 5 4 4 3 0 4 7
split_gain=1.25446e+06 358608 234418 37079.3 24915 23511 18880.7 40591.2 17137.8 20089.8 12907.4 12791.9 11913.8 10074.6 8841.94 8652.57 7713.87 7328.01 7692.2 6932.55 6224.76 5647.53 5172.33 4684.78 4985.43 4357.8 4164.05 5908.54 3717.19 3474.72
threshold=57.821912650602414 1.0000000180025095e-35 47.2850122850123 66.915422885572156 87.007672634271117 87.29833546734956 4.5000000000000009 96.449579831932795 4.5000000000000009 94.957627118644083 40.546767966122808 1.5000000000000002 97.999911107160344 82.637681159420296 52.479508196721319 55.351882160392812 12.500000000000002 49.500000000000007 93.643953676272574 18.500000000000004 95.945205479452071 47.469820753566644 2.5000000000000004 44.307587356931712 33.403068340306838 42.770931035736368 7.5000000000000009 82.574189095928233 52.092086834733898 43.500000000000007
decision_type=2 2 2 2 2 2 2 2 2 2 2 2 2 2 2 2 2 2 2 2 2 2 2 2 2 2 2 2 2 2
left_child=1 5 23 8 11 15 20 12 16 -10 -6 -4 13 19 -12 -1 28 -7 22 26 25 -16 -19 -3 -25 -5 -8 -28 -2 -17
right_child=3 2 4 6 10 17 7 -9 9 -11 14 -13 -14 -15 21 29 -18 18 -20 -21 -22 -23 -24 24 -26 -27 27 -29 -30 -31
leaf_value=-0.017408771750454202 0.035299224810012159 -0.028898748502044311 0.011072590423641678 0.02642111475123023 0.026300135430652301 0.023529342490633289 0.022493490485806605 0.0345887656255821 0.00033851312144211339 0.025361896721319842 -0.0033763131379216621 -0.017767460513642041 0.034773864493722481 0.023006138810321902 0.022620251433311582 0.014537883579542547 0.024680858248110591 0.012563276452970604 0.018138498841588069 -0.014209589929305494 0.036804303045293925 0.0075110249357436421 -0.019493832784820125 0.0013721994084889401 -0.023339110695082585 0.034997016081541515 0.011299702406531598 -0.028111377945910641 0.029171193756756791 0.008242611251678
leaf_weight=9526.1744640320539 202621.73583066091 326899.58456473053 22106.868482322432 54357.633228916675 63884.341101055034 348233.56172543019 24006.353822492063 1185822.4002570659 39703.04610609822 105890.10676331818 33842.739509357139 37016.55186735373 58425.563944898546 200556.63302310556 42095.496514597908 169504.91276795231 159373.54961913824 9631.3956646323204 151577.72991918027 9717.7683736011386 2853882.4387498945 47272.621402883902 8549.9085205346346 8682.3535391287878 47755.125551745296 2898778.6374642178 22053.448303688318 4051.6347396373749 159162.6678379979 147683.77464831993
leaf_count=228673 94356 38903713 470980 40791 789744 294098 25288 407605 251137 128779 1200308 1912008 20566 166237 214878 677242 223595 14778 168587 35460 746190 312079 30309 708065 4708906 953204 36679 11006 151568 508921
internal_value=0.0297134 0.00428949 -0.0128493 0.0344113 0.00999243 0.0170629 0.0350289 0.0320338 0.0276385 0.0185382 0.0153571 -0.0069836 0.0225304 0.0197831 0.00968283 0.0107608 0.0301807 0.0210379 0.0159268 0.00897838 0.035805 0.0146283 -0.00251126 -0.0275206 -0.0195373 0.0348392 0.0134756 0.0051815 0.0326034 0.0116069
internal_weight=9.45267e+06 1.47426e+06 629556 7.9784e+06 246219 844707 7.31165e+06 1.50463e+06 666751 145593 187095 59123.4 318811 260386 123211 326715 521158 517993 169759 59829.2 5.80702e+06 89368.1 18181.3 383337 56437.5 2.95314e+06 50111.4 26105.1 361784 317189
internal_count=54435750 51143289 49220681 3292461 4899997 1922608 2443026 702841 849435 379916 2517009 2382988 295236 274670 1727265 1414836 469519 507772 213674 108433 1740185 526957 45087 44320684 5416971 993995 72973 47685 245924 1186163
is_linear=0
shrinkage=0.03


Tree=54
num_leaves=31
num_cat=0
split_feature=6 4 6 6 2 2 2 2 6 7 4 0 7 7 4 0 0 1 2 0 1 1 0 0 6 2 0 7 6 1
split_gain=1.37145e+06 355928 213157 33388 26572.8 23167.5 20457.8 15777.3 16538.7 13011.1 11627.1 10215.6 9786.95 8930.42 8832.19 8604.19 8074.43 7207 6784.82 6493.13 6476.46 5680.35 5487.81 5312.12 6562.47 5149.22 22251.1 5432.48 5951.79 5359.63
threshold=61.320007916089459 1.0000000180025095e-35 46.008849557522133 73.746867167919817 94.360822556709792 94.360822556709792 94.360822556709792 94.957627118644083 94.008547008547026 34.500000000000007 57.5878787878788 89.687399291008717 18.500000000000004 48.500000000000007 37.850957753870382 86.240703177822866 89.323708206686945 83.910792512943061 99.504950495049513 95.69842738205368 98.213716108452971 98.902540856495293 94.570024570024586 96.249413970932977 94.008547008547026 89.38673341677098 82.972848596410515 21.500000000000004 83.405797101449295 93.788580246913597
decision_type=2 2 2 2 2 2 2 2 2 2 2 2 2 2 2 2 2 2 2 2 2 2 2 2 2 2 2 2 2 2
left_child=1 5 9 4 15 11 17 8 16 -3 14 20 -6 18 -8 -2 21 -4 -7 -11 -1 25 -19 24 -9 27 -27 -5 -29 -28
right_child=3 2 6 7 12 13 10 23 -10 19 -12 -13 -14 -15 -16 -17 -18 22 -20 -21 -22 -23 -24 -25 -26 26 29 28 -30 -31
leaf_value=0.0012816394454434597 0.0060684212978760008 -0.02850998055436629 -0.016511490922776994 0.027987643799011721 0.033030254408931224 0.033157299664777803 0.024159347839801185 0.033339265026303452 0.035183690664994861 -0.018293005275239652 0.026587953435710292 0.017271458756299568 0.020372758250891576 0.014557625874312259 0.0057315753394738857 0.023592392450577815 0.032529006857454475 0.0003043388402757861 0.02069016268777308 0.0068180888512073866 0.028688229592197793 0.037793709644934413 0.060074296755175983 0.036640238208445849 0.036070635659394244 0.026614361919657294 0.0039570732972618126 -0.0067928507054761337 0.024968531750577481 -0.02764345574059059
leaf_weight=126017.47241503559 60951.252638023347 342090.37617123593 30465.396535686217 225452.23051460087 284060.28337390721 43915.885092098266 28628.532875704579 1439358.5347458869 711065.79027569294 61380.223530773073 43701.72941547446 67565.569072172046 68190.096312448382 222295.61616248265 128377.15946337208 43015.098430469632 258579.3594674319 48369.832690261304 373309.20701851323 10914.146088251844 8268.5270776897669 31339.940607368946 1422.2303313137963 2751524.5656035542 1760861.1327429712 63123.875951811671 10947.899455353618 8767.2473911494017 13460.636622950435 8642.4202005565166
leaf_count=1041391 150651 40289870 1255796 131861 120837 24221 270113 546814 224547 5249737 41529 86921 64044 345931 1284418 35514 105509 743866 414556 659273 9588 7717 2686 724742 501442 40380 14892 16695 9806 20403
internal_value=0.0293797 0.00349259 -0.0123891 0.0345198 0.0266466 0.016618 0.00778267 0.035013 0.0320605 -0.0260662 0.0129017 0.00775691 0.0305801 0.0194148 0.00909194 0.0133191 0.0284804 -0.00501872 0.0220025 -0.0145018 0.00296949 0.0255861 0.00201305 0.0356734 0.0348422 0.024428 0.0179462 0.0265925 0.0124406 -0.00998368
internal_weight=9.27606e+06 1.53672e+06 695350 7.73934e+06 456217 841372 280965 7.28312e+06 1.33138e+06 414385 200707 201852 352250 639521 157006 103966 620314 80257.5 417225 72294.4 134286 361734 49792.1 5.95174e+06 3.20022e+06 330394 82714.2 247680 22227.9 19590.3
internal_count=54435750 51719896 49797288 2715854 371046 1922608 3598408 2344808 571810 46198880 1596060 1137900 184881 784708 1554531 186165 347263 2002348 438777 5909010 1050979 241754 746552 1772998 1048256 234037 75675 158362 26501 35295
is_linear=0
shrinkage=0.03


Tree=55
num_leaves=31
num_cat=0
split_feature=6 4 5 5 2 6 0 2 6 3 6 2 7 0 7 3 6 4 7 3 4 0 2 6 4 5 7 0 0 0
split_gain=1.3375e+06 279729 280417 33510.3 25565.3 30303.9 22532.3 17112.3 16686.6 15401.5 16160 13297.6 12997.5 10670.6 12919.8 9445.38 8426.36 6986.46 6983.48 6494.05 5911.23 5388.74 5370.68 4708.37 4592.17 4944.66 5422.29 4262.6 3977.17 3897.91
threshold=64.310689310689312 1.0000000180025095e-35 49.886877828054303 65.470635559131139 94.360822556709792 83.405797101449295 87.29833546734956 94.570024570024586 48.397370043147738 4.5000000000000009 94.008547008547026 95.861872146118728 17.500000000000004 87.138130686517798 19.500000000000004 4.5000000000000009 94.008547008547026 30.521412860654674 44.500000000000007 12.500000000000002 40.546767966122808 52.240802675585286 71.516754850088191 47.925275482093667 41.686413902053715 58.363746958637471 14.500000000000002 64.326765188834159 89.687399291008717 94.570024570024586
decision_type=2 2 2 2 2 2 2 2 2 2 2 2 2 2 2 2 2 2 2 2 2 2 2 2 2 2 2 2 2 2
left_child=1 6 8 7 5 13 11 20 -3 -6 -11 22 -5 14 21 24 28 -10 -8 -13 23 -2 -1 -4 -9 -26 -27 -17 -7 -22
right_child=4 2 3 12 9 16 18 15 17 10 -12 19 -14 -15 -16 27 -18 -19 -20 -21 29 -23 -24 -25 25 26 -28 -29 -30 -31
leaf_value=-0.017331422536202536 -0.014080125758275459 -0.028452906767956549 -0.0095188868227166212 0.030060571670999098 0.035949864193084741 0.027124851591812688 0.022833253637234745 0.022305190571723855 0.047085829354044255 0.028201771156724273 0.035128083845026331 0.016933693354748806 0.008246261381398964 0.028146443957445914 -0.0034236726812933473 -0.02285956834328412 0.034838808348521821 -0.0082268907504038195 0.015577725478510775 0.0024736628103961544 -0.013317200615390606 0.021255669272734087 0.0041442649805968224 0.022992597378402115 0.0023266854871977433 0.021107382946501555 -0.00061316209931730774 0.0012951278744855904 0.033073920619626669 0.055249374336499596
leaf_weight=11610.947221496142 4036.0874798633158 362688.83544605132 7463.2347863567993 77384.404688805342 4929528.4141445756 261595.45869021118 320219.13403183222 33859.94491231069 2253.787972307764 523415.22731493413 720699.20697969198 174733.51749092713 36030.65926707536 101602.85804609209 26696.181988507509 7700.4337664861232 658720.85904482007 23210.693087368272 190418.73506122828 33278.981845688075 60549.297782980837 102439.47914788127 107534.50814172998 8658.9040353717282 46350.481191396713 41053.685522414744 13826.02722459659 44960.474864494987 165018.85170075297 754.4517960306257
leaf_count=305083 13482 45572354 324314 71846 1403879 157555 271346 227463 18000 300726 228272 293668 93274 58453 58976 137142 213718 751357 236426 97166 1497250 100677 718919 68798 516006 57350 38348 538462 63671 1769
internal_value=0.0290643 0.00420651 -0.00888706 0.00948311 0.0343867 0.0305972 0.0161897 0.00364598 -0.0268047 0.035197 0.0322141 0.010043 0.0231307 0.020824 0.0152371 0.00853995 0.0327113 -0.00332908 0.0201277 0.0146204 -0.00822124 0.019916 0.00205117 0.00794185 0.0127411 0.00954176 0.0156351 -0.00223702 0.0294261 -0.0124722
internal_weight=9.09829e+06 1.60454e+06 766745 378592 7.49375e+06 1.32011e+06 837796 265177 388153 6.17364e+06 1.24411e+06 327158 113415 234775 133172 187751 1.08534e+06 25464.5 510638 208012 77425.9 106476 119145 16122.1 135090 101230 54879.7 52660.9 426614 61303.7
internal_count=54435750 51836341 49913733 3572022 2599409 666532 1922608 3406902 46341711 1932877 528998 1414836 165120 231588 173135 1514771 434944 769357 507772 390834 1892131 114159 1024002 393112 839167 611704 95698 675604 221226 1499019
is_linear=0
shrinkage=0.03


Tree=56
num_leaves=31
num_cat=0
split_feature=6 4 6 4 3 1 0 6 1 7 3 6 7 0 0 6 0 6 7 4 6 7 7 1 3 6 1 3 0 1
split_gain=1.30442e+06 265071 267567 28069.7 23409.6 47938 21865.6 20892.7 17591.9 14585.3 12842.2 12338.5 10430.9 10308.5 8208.53 8089.48 7931.22 11096.8 7739.02 7507.46 6931.73 6898.57 6500.95 7310.05 6880.3 6246.82 5722.58 9961.81 5686.38 5360.75
threshold=64.310689310689312 1.0000000180025095e-35 46.905065985525759 59.663271080928133 4.5000000000000009 96.449579831932795 89.323708206686945 83.405797101449295 88.185443668993031 34.500000000000007 2.5000000000000004 99.779735682819393 1.0000000180025095e-35 71.718621821164916 55.351882160392812 91.697994987468704 95.945205479452071 90.219990435198483 19.500000000000004 40.546767966122808 39.913419913419922 22.500000000000004 49.500000000000007 93.643953676272574 2.5000000000000004 93.039405684754527 97.332859174964454 2.5000000000000004 73.746867167919817 93.127066603684469
decision_type=2 2 2 2 2 2 2 2 2 2 2 2 2 2 2 2 2 2 2 2 2 2 2 2 2 2 2 2 2 2
left_child=1 6 9 8 16 7 14 18 10 -3 -4 12 25 -10 -1 -7 17 21 -6 -15 -11 -2 -8 24 -24 -9 27 29 -28 -16
right_child=4 2 3 -5 5 15 22 11 13 20 -12 -13 -14 19 26 -17 -18 -19 -20 -21 -22 -23 23 -25 -26 -27 28 -29 -30 -31
leaf_value=-0.017289244120064055 0.032161792607787669 -0.028013685445106087 0.0063191620929512167 0.026986332496186805 0.011568382676041513 0.030033248101278883 0.022603644597068973 0.017017476894588369 -0.013017286669625617 -0.018236211635521658 -0.019667212123519937 0.036051336184129451 0.02266948605236864 0.022788592650747345 0.015483957203251474 0.035319114944156758 0.036094912077856499 0.035235118585953705 -0.012195818452326127 0.0089709867814365025 0.0038118262640164267 0.023649155952120436 0.013478760418088109 0.017065127669472799 -0.029955927404663098 -0.025797787365872377 0.0051124523192053592 -2.7643852127629678e-05 0.017964584583504091 -0.015206690105279721
leaf_weight=9422.0845596892759 955786.06394381076 332835.00807200326 33134.830481861718 73061.411714612506 54708.292181860656 386763.86234115064 311645.92227550596 5743.3911502361298 15629.566097175702 55471.752919331659 35398.981936087832 63973.403231054544 184010.70819145441 46680.145990656689 95574.550307283178 799353.95404615998 2847000.3620141894 1919049.1093320251 15921.542241126299 146344.31893209182 16694.28936035838 94146.651590928435 7215.9209426492453 137938.93281085789 6019.1093547344208 6578.6406501531601 40323.181862264872 86612.622609712183 133828.82509768009 5410.9872922450304
leaf_count=228673 400415 40879563 444873 77936 82857 189072 260194 5760 205146 5289401 1113651 18353 145217 331775 303558 243781 793574 588731 45453 914315 657073 70716 9852 153518 22616 15480 88152 675534 166052 14459
internal_value=0.0287576 0.0041177 -0.00875716 0.0104441 0.0340977 0.0307786 0.015777 0.0206823 0.00608381 -0.0253627 -0.00710315 0.0246088 0.0208801 0.0104152 0.0103526 0.0335956 0.0349634 0.0338784 0.00621109 0.0123128 -0.0131356 0.0313985 0.0201272 0.0150217 -0.00627437 -0.00584029 0.0110727 0.00743695 0.0149889 0.0138392
internal_weight=8.92228e+06 1.58924e+06 755250 350249 7.33304e+06 1.51705e+06 833992 330936 277188 405001 68533.8 260306 196333 208654 371172 1.18612e+06 5.81598e+06 2.96898e+06 70629.8 193024 72166 1.04993e+06 462820 151174 13235 12322 361750 187598 174152 100986
internal_count=54435750 51836341 49913733 3087696 2599409 745973 1922608 313120 3009760 46826037 1558524 184810 166457 1451236 1476428 432853 1853436 1059862 128310 1246090 5946474 471131 446180 185986 32468 21240 1247755 993551 254204 318017
is_linear=0
shrinkage=0.03


end of trees

feature_importances:
address_token_ratio=288
name_partial_ratio=262
name_length_diff=255
name_token_ratio=243
address_ratio=207
name_ratio=200
address_partial_ratio=158
address_length_diff=97

parameters:
[boosting: gbdt]
[objective: binary]
[metric: binary_logloss]
[tree_learner: serial]
[device_type: cpu]
[data_sample_strategy: bagging]
[data: ]
[valid: ]
[num_iterations: 1000]
[learning_rate: 0.03]
[num_leaves: 31]
[num_threads: 8]
[seed: 42]
[deterministic: 0]
[force_col_wise: 0]
[force_row_wise: 0]
[histogram_pool_size: -1]
[max_depth: -1]
[min_data_in_leaf: 50]
[min_sum_hessian_in_leaf: 0.001]
[bagging_fraction: 0.8]
[pos_bagging_fraction: 1]
[neg_bagging_fraction: 1]
[bagging_freq: 0]
[bagging_seed: 400]
[bagging_by_query: 0]
[feature_fraction: 0.8]
[feature_fraction_bynode: 1]
[feature_fraction_seed: 30056]
[extra_trees: 0]
[extra_seed: 12879]
[early_stopping_round: 0]
[early_stopping_min_delta: 0]
[first_metric_only: 0]
[max_delta_step: 0]
[lambda_l1: 0.5]
[lambda_l2: 1]
[linear_lambda: 0]
[min_gain_to_split: 0]
[drop_rate: 0.1]
[max_drop: 50]
[skip_drop: 0.5]
[xgboost_dart_mode: 0]
[uniform_drop: 0]
[drop_seed: 17869]
[top_rate: 0.2]
[other_rate: 0.1]
[min_data_per_group: 100]
[max_cat_threshold: 32]
[cat_l2: 10]
[cat_smooth: 10]
[max_cat_to_onehot: 4]
[top_k: 20]
[monotone_constraints: ]
[monotone_constraints_method: basic]
[monotone_penalty: 0]
[feature_contri: ]
[forcedsplits_filename: ]
[refit_decay_rate: 0.9]
[cegb_tradeoff: 1]
[cegb_penalty_split: 0]
[cegb_penalty_feature_lazy: ]
[cegb_penalty_feature_coupled: ]
[path_smooth: 0]
[interaction_constraints: ]
[verbosity: 1]
[saved_feature_importance_type: 0]
[use_quantized_grad: 0]
[num_grad_quant_bins: 4]
[quant_train_renew_leaf: 0]
[stochastic_rounding: 1]
[linear_tree: 0]
[max_bin: 255]
[max_bin_by_feature: ]
[min_data_in_bin: 3]
[bin_construct_sample_cnt: 200000]
[data_random_seed: 175]
[is_enable_sparse: 1]
[enable_bundle: 1]
[use_missing: 1]
[zero_as_missing: 0]
[feature_pre_filter: 1]
[pre_partition: 0]
[two_round: 0]
[header: 0]
[label_column: ]
[weight_column: ]
[group_column: ]
[ignore_column: ]
[categorical_feature: ]
[forcedbins_filename: ]
[precise_float_parser: 0]
[parser_config_file: ]
[objective_seed: 16083]
[num_class: 1]
[is_unbalance: 0]
[scale_pos_weight: 25.6879]
[sigmoid: 1]
[boost_from_average: 1]
[reg_sqrt: 0]
[alpha: 0.9]
[fair_c: 1]
[poisson_max_delta_step: 0.7]
[tweedie_variance_power: 1.5]
[lambdarank_truncation_level: 30]
[lambdarank_norm: 1]
[label_gain: ]
[lambdarank_position_bias_regularization: 0]
[eval_at: ]
[multi_error_top_k: 1]
[auc_mu_weights: ]
[num_machines: 1]
[local_listen_port: 12400]
[time_out: 120]
[machine_list_filename: ]
[machines: ]
[gpu_platform_id: -1]
[gpu_device_id: -1]
[gpu_device_id_list: ]
[gpu_use_dp: 0]
[num_gpu: 1]

end of parameters

pandas_categorical:[]
